Nama Waran,Nama Penerbit,Tipe,Bid Dasar (Rp),Harga Pelaksanaan (Rp),Rasio Pelaksanaan,Tanggal Kedaluwarsa,Sensitivitas Waran (Tick),Efek Pengungkit (x),Volatilitas Tersirat (%),Jarak Waktu Kedaluwarsa (hari),Delta (%),Premi (%),Theta (Rp),Nilai Intrinsik,Volume Bid ('00),Harga Bid (Rp),Harga Ask (Rp),Volume Ask ('00),Volume Transaksi ('00),Perubahan Harga (%)
AADIBQCQ6A,KISI,CALL,8625,9875,35.0000,31 Aug 26,2.2,1.9,127.0,199,64.6,47.8,-0.2340,14% OTM,0,82,0,0,0,+1.2
AADIDRCN6A,RHB,CALL,8625,9019,15.9703,2 Jul 26,1.1,3.2,75.7,139,58.2,22.5,-0.4048,5% OTM,50000,97,94,50000,502,+4.3
AADIHDCK6A,KGI,CALL,8625,7429,18.7740,11 May 26,1.0,3.3,74.0,87,74.2,8.6,-0.3634,14% ITM,19000,103,96,19000,107,+3.0
AADIYUCK6A,CGS,CALL,8625,7300,10.0000,28 May 26,1.1,2.0,143.0,104,73.6,21.3,-1.1084,15% ITM,5000,316,308,5000,0,+2.6
AADIZPCQ6A,Maybank,CALL,8625,8500,37.0000,31 Aug 26,2.3,3.2,58.6,199,64.0,18.3,-0.1188,1% ITM,0,46,0,0,0,+4.5
ACESBQCG6A,KISI,CALL,402,555,4.0000,27 Feb 26,19.9,10.1,117.0,14,10.0,39.1,-0.1469,38% OTM,0,1,0,0,0,0
ACESBQCK6A,KISI,CALL,402,595,4.0000,29 May 26,6.8,4.2,88.0,105,29.4,55.0,-0.0830,48% OTM,0,7,0,0,0,-12.5
ACESDRCJ6A,RHB,CALL,402,550,5.0000,23 Apr 26,10.9,6.1,75.3,69,22.8,40.5,-0.0613,37% OTM,0,3,0,0,25591,0
ACESHDCN6A,KGI,CALL,402,490,2.0000,14 Jul 26,2.0,3.0,88.1,151,49.9,38.3,-0.1662,22% OTM,0,33,0,0,0,-5.7
ACESZPCJ6A,Maybank,CALL,402,510,4.0000,30 Apr 26,5.9,4.9,81.1,76,34.1,33.8,-0.0961,27% OTM,0,7,0,0,11598,0
ACESZPCU6A,Maybank,CALL,402,410,4.0000,30 Sep 26,3.2,2.8,69.0,229,63.1,24.9,-0.0547,2% OTM,0,23,0,0,0,0
ADMRDRCH6A,RHB,CALL,1925,1800,2.0000,16 Mar 26,0.6,5.6,71.2,31,67.8,5.6,-1.2795,6% ITM,0,116,0,0,0,0
ADMRDRCJ6A,RHB,CALL,1925,1100,6.0000,23 Apr 26,1.2,2.2,66.1,69,98.4,1.1,-0.0673,43% ITM,0,141,0,0,6566,+0.7
ADMRHDCJ6A,KGI,CALL,1925,1122,4.0000,28 Apr 26,1.7,2.2,85.0,74,95.0,1.9,-0.1855,42% ITM,19000,210,97,13862,1062,+1.0
ADMRHDCQ6A,KGI,CALL,1925,1509,6.0000,13 Aug 26,1.5,2.3,77.3,181,78.7,12.1,-0.1738,22% ITM,0,108,0,0,0,0
ADMRYUCV6A,CGS,CALL,1925,1600,3.0000,22 Oct 26,1.6,1.9,99.5,251,76.0,23.6,-0.3808,17% ITM,0,260,0,0,0,+0.8
ADMRZPCH6A,Maybank,CALL,1925,1100,5.0000,31 Mar 26,1.0,2.2,93.4,46,97.0,1.0,-0.1412,43% ITM,0,169,0,0,257,+0.6
ADMRZPCQ6A,Maybank,CALL,1925,1500,7.0000,31 Aug 26,1.7,2.4,67.1,199,80.1,10.6,-0.1259,22% ITM,0,90,0,0,0,0
ADROBQCG6A,KISI,CALL,2210,1853,4.6334,27 Feb 26,0.5,5.1,82.1,14,88.4,1.2,-0.6129,16% ITM,21990,83,64,21990,234,+3.8
ADROBQCJ6A,KISI,CALL,2210,2205,4.6334,30 Apr 26,0.8,3.7,85.7,76,59.7,16.1,-0.5230,0% ITM,0,78,0,0,0,+2.6
ADROBQCN6A,KISI,CALL,2210,2317,5.5600,31 Jul 26,0.9,2.7,84.1,168,60.7,27.0,-0.2952,5% OTM,0,88,0,0,0,+2.3
ADRODRCJ6A,RHB,CALL,2210,1947,5.5620,23 Apr 26,0.8,3.5,80.3,69,72.0,8.7,-0.3856,12% ITM,0,82,0,0,395,+2.5
ADRODRCM6A,RHB,CALL,2210,2178,2.3175,10 Jun 26,0.4,3.0,85.6,117,62.9,19.4,-0.8397,1% ITM,0,199,0,0,0,+2.6
ADROHDCN6A,KGI,CALL,2210,2036,5.5622,14 Jul 26,0.8,2.6,84.3,151,68.7,18.3,-0.2921,8% ITM,0,104,0,0,0,+2.0
ADROHDPH6A,KGI,PUT,2210,1401,1.8541,2 Mar 26,2.2,4.7,182.3,17,-8.6,38.5,-2.1374,37% OTM,10000,22,103,10000,215,-8.3
ADROYUCV6A,CGS,CALL,2210,2175,5.5530,22 Oct 26,0.8,2.0,97.3,251,69.0,32.3,-0.2582,2% ITM,0,135,0,0,0,+1.5
ADROZPCK6A,Maybank,CALL,2210,1800,8.0000,25 May 26,1.1,2.3,110.2,101,75.3,13.7,-0.2779,19% ITM,50001,89,50,9500,21,+2.3
ADROZPCU6A,Maybank,CALL,2210,2400,7.0000,30 Sep 26,1.2,2.7,73.7,229,59.6,30.5,-0.1837,9% OTM,0,69,0,0,0,+3.0
AKRADRCH6A,RHB,CALL,1290,1650,2.0000,16 Mar 26,2.8,10.4,70.5,31,14.4,29.3,-0.5056,28% OTM,0,9,0,0,0,-10.0
AKRAHDCH6A,KGI,CALL,1290,1260,4.8100,31 Mar 26,1.6,4.8,78.6,46,60.3,10.4,-0.3434,2% ITM,35000,34,41,35000,3,-2.9
AKRAZPCJ6A,Maybank,CALL,1290,1414,4.8099,30 Apr 26,2.0,4.5,76.2,76,48.4,20.4,-0.2681,10% OTM,0,29,0,0,0,-3.3
AKRAZPCM6A,Maybank,CALL,1290,1350,7.0000,30 Jun 26,2.4,3.4,71.7,137,57.5,21.5,-0.1332,5% OTM,5001,31,29,5000,611,0
AMMNBQCM6A,KISI,CALL,7700,10000,40.0000,30 Jun 26,3.1,2.5,119.2,137,52.0,50.6,-0.2184,30% OTM,0,40,0,0,0,-4.8
AMMNDRCJ6A,RHB,CALL,7700,8700,30.0000,23 Apr 26,2.6,4.4,85.0,69,45.9,23.5,-0.2941,13% OTM,0,27,0,0,113,-6.9
AMMNHDCH6A,KGI,CALL,7700,8582,25.0000,31 Mar 26,2.1,4.2,108.0,46,47.5,22.8,-0.5371,11% OTM,25000,35,73,25000,1,-5.4
AMMNZPCG6A,Maybank,CALL,7700,9300,25.0000,27 Feb 26,6.4,12.1,86.8,14,15.7,22.1,-0.4599,21% OTM,0,4,0,0,49,0
AMMNZPCQ6A,Maybank,CALL,7700,7500,40.0000,31 Aug 26,2.4,2.9,68.1,199,65.4,20.3,-0.1088,3% ITM,0,44,0,0,0,-2.2
AMRTBQCH6A,KISI,CALL,1905,2850,10.0000,31 Mar 26,16.5,7.7,83.8,46,12.1,51.2,-0.1288,50% OTM,34980,3,33,35400,117,0
AMRTBQCJ6A,KISI,CALL,1905,2380,10.0000,30 Apr 26,5.2,4.3,90.0,76,38.5,33.9,-0.2099,25% OTM,0,17,0,0,0,-5.6
AMRTDRCH6A,RHB,CALL,1905,2600,4.0000,16 Mar 26,8.7,11.0,72.8,31,9.2,37.3,-0.2792,36% OTM,0,4,0,0,0,-20.0
AMRTHDCJ6A,KGI,CALL,1905,2824,6.0000,14 Apr 26,13.6,9.3,63.3,60,8.8,49.2,-0.1144,48% OTM,34873,3,22,34000,728,0
AMRTHDCN6A,Maybank,CALL,1905,1966,12.0000,30 Jul 26,4.0,3.1,72.0,167,60.2,22.7,-0.1043,3% OTM,0,31,0,0,0,-3.1
AMRTZPCK6A,Maybank,CALL,1905,2350,13.0000,25 May 26,8.1,5.9,57.7,101,32.2,28.8,-0.0881,23% OTM,50000,8,27,50000,1,-11.1
ANTMBQCG6A,KISI,CALL,4000,3980,10.0000,27 Feb 26,1.8,8.8,75.0,14,55.2,5.8,-0.8754,1% ITM,0,25,0,0,0,-3.8
ANTMBQCJ6A,KISI,CALL,4000,4250,10.0000,30 Apr 26,1.8,3.5,95.4,76,54.7,21.8,-0.4904,6% OTM,0,62,0,0,0,-1.6
ANTMBQCN6A,KISI,CALL,4000,4480,10.0000,31 Jul 26,1.7,2.4,102.3,168,59.5,36.5,-0.3529,12% OTM,0,98,0,0,0,0
ANTMDRCN6A,RHB,CALL,4000,5525,4.5000,2 Jul 26,1.2,3.5,85.4,139,38.7,49.0,-0.7023,38% OTM,0,97,0,0,0,-1.0
ANTMHDCH6A,KGI,CALL,4000,3313,10.0000,19 Mar 26,1.3,3.7,92.6,34,79.8,4.3,-0.5219,17% ITM,0,86,0,0,0,-1.1
ANTMHDCH6B,KGI,CALL,4000,2838,8.0000,31 Mar 26,0.9,2.7,99.0,46,88.2,3.2,-0.4435,29% ITM,16000,161,124,16000,110,0
ANTMHDPH6A,KGI,PUT,4000,2245,3.0000,2 Mar 26,8.2,6.1,167.0,17,-3.6,44.5,-1.1162,44% OTM,10000,8,62,100,2028,-11.1
ANTMYUCN6A,CGS,CALL,4000,3100,10.0000,11 May 26,1.3,2.1,137.6,87,77.2,14.5,-0.5041,23% ITM,0,148,0,0,0,0
ANTMZPCJ6A,Maybank,CALL,4000,3150,9.0000,30 Apr 26,1.1,3.3,65.2,76,84.4,4.2,-0.2691,21% ITM,0,113,0,0,1483,0
ANTMZPCK6A,Maybank,CALL,4000,3900,17.0000,25 May 26,2.7,3.7,71.2,101,62.5,14.5,-0.1903,3% ITM,51896,40,30,50418,3601,0
ARTOBQCG6A,KISI,CALL,1715,2700,10.0000,27 Feb 26,35.0,9.8,134.4,14,5.7,58.0,-0.1868,57% OTM,0,1,0,0,0,0
ARTOBQCJ6A,KISI,CALL,1715,2990,10.0000,30 Apr 26,13.0,5.3,95.4,76,15.4,77.3,-0.1215,74% OTM,0,5,0,0,0,0
ARTOBQCN6A,KISI,CALL,1715,3080,10.0000,31 Jul 26,13.1,5.2,64.8,168,15.3,82.5,-0.0580,80% OTM,0,5,0,0,0,0
ARTODRCK6A,RHB,CALL,1715,2600,7.0000,25 May 26,5.0,4.3,90.4,101,27.8,58.1,-0.2056,52% OTM,25000,16,59,16684,0,0
ARTOHDCN6A,KGI,CALL,1715,2281,10.0000,1 Jul 26,4.8,3.4,86.8,138,41.8,45.2,-0.1412,33% OTM,0,21,0,0,0,0
ARTOZPCK6A,Maybank,CALL,1715,2400,10.0000,25 May 26,7.1,4.8,76.5,101,28.3,45.8,-0.1246,40% OTM,50000,10,38,23851,86,-9.1
ASIIBQCM6A,KISI,CALL,6850,8950,20.0000,30 Jun 26,2.0,3.8,77.6,137,39.8,41.2,-0.2528,31% OTM,0,36,0,0,0,+2.9
ASIIDRCH6A,RHB,CALL,6850,8925,10.0000,16 Mar 26,2.8,9.8,75.1,31,14.3,31.8,-0.5665,30% OTM,0,10,0,0,0,+25.0
ASIIDRCX6A,RHB,CALL,6850,2763,0.9366,26 Nov 26,0.4,1.6,0.0,286,100.0,1.6,-0.6427,60% ITM,0,4480,0,0,0,+2.8
ASIIHDCN6A,Maybank,CALL,6850,6672,30.0000,30 Jul 26,1.9,3.1,66.6,167,64.4,18.0,-0.1380,3% ITM,0,47,0,0,0,+4.4
ASIIZPCJ6A,Maybank,CALL,6850,6150,8.0000,30 Apr 26,0.4,4.3,59.1,76,72.6,6.8,-0.6166,10% ITM,0,146,0,0,0,+7.4
ASIIZPCM6A,Maybank,CALL,6850,6400,30.0000,30 Jun 26,1.8,3.8,54.6,137,67.9,11.4,-0.1263,7% ITM,5002,41,40,5030,149,+5.1
AUTODRCV6A,RHB,CALL,2630,3171,6.8307,2 Oct 26,1.4,3.2,65.5,231,50.2,36.2,-0.2042,21% OTM,2153,60,61,20,0,-1.6
AUTOHDCN6A,KGI,CALL,2630,2816,10.0000,1 Jul 26,1.9,4.6,52.9,138,52.1,18.5,-0.1485,7% OTM,0,30,0,0,0,-3.2
AUTOZPCJ6A,Maybank,CALL,2630,2147,14.6373,30 Apr 26,1.7,3.9,51.0,76,85.6,3.3,-0.0891,18% ITM,0,39,0,0,6,-2.5
AVIADRCV6A,RHB,CALL,440,508,1.4643,2 Oct 26,1.3,2.9,70.3,231,54.7,34.1,-0.1693,15% OTM,25000,56,61,12400,0,-3.4
AVIAHDCN6A,KGI,CALL,440,450,1.9524,1 Jul 26,1.7,4.3,52.8,138,57.6,15.6,-0.1270,2% OTM,0,30,0,0,0,-6.3
AVIAZPCJ6A,Maybank,CALL,440,469,2.9286,30 Apr 26,3.1,6.4,51.1,76,46.8,13.9,-0.1054,7% OTM,0,11,0,0,0,-15.4
BBCABQCG6A,KISI,CALL,7375,9214,13.9083,27 Feb 26,8.5,17.4,70.9,14,6.5,25.3,-0.3431,25% OTM,49800,2,80,49800,9861,-33.3
BBCABQCJ6A,KISI,CALL,7375,10779,19.8687,30 Apr 26,5.6,7.5,64.9,76,14.1,48.0,-0.1725,46% OTM,0,7,0,0,0,-12.5
BBCABQCN6A,KISI,CALL,7375,11723,19.8700,31 Jul 26,3.0,4.3,71.5,168,26.4,65.2,-0.1925,59% OTM,0,23,0,0,0,-4.2
BBCADRCM6A,RHB,CALL,7375,10700,11.0000,10 Jun 26,1.8,5.1,69.9,117,25.0,50.0,-0.3923,45% OTM,0,33,0,0,0,-5.7
BBCADRCX6A,RHB,CALL,7375,5821,0.9701,26 Nov 26,0.5,2.1,72.4,286,78.6,16.2,-3.2132,21% ITM,0,2830,0,0,2,-1.4
BBCAHDCN6A,KGI,CALL,7375,10371,24.8400,14 Jul 26,3.4,4.8,63.0,151,29.0,46.7,-0.1522,41% OTM,0,18,0,0,0,-5.3
BBCAHDCQ7A,KGI,CALL,7375,12215,11.9200,12 Aug 27,2.1,5.1,33.0,545,23.1,70.2,-0.0966,66% OTM,16000,28,65,16000,4909,-3.4
BBCAYUCK6A,CGS,CALL,7375,8250,12.0000,28 May 26,0.9,3.4,88.6,104,52.0,27.2,-0.6095,12% OTM,25000,94,193,25000,78,-3.1
BBCAZPCH6A,Maybank,CALL,7375,8750,15.0000,31 Mar 26,2.2,8.3,62.1,46,26.9,21.9,-0.4162,19% OTM,0,16,0,0,2465,-5.9
BBCAZPCN6A,Maybank,CALL,7375,8875,30.0000,31 Jul 26,2.6,3.8,65.9,168,45.9,32.5,-0.1491,20% OTM,0,30,0,0,0,-3.2
BBNIBQCG6A,KISI,CALL,4480,5225,8.0000,27 Feb 26,4.1,12.1,81.8,14,19.5,18.2,-0.9061,17% OTM,48880,9,57,48880,100,-10.0
BBNIBQCJ6A,KISI,CALL,4480,5550,10.0000,30 Apr 26,3.1,5.7,68.9,76,32.0,29.5,-0.3590,24% OTM,0,25,0,0,0,0
BBNIBQCN6A,KISI,CALL,4480,6200,10.0000,31 Jul 26,2.8,3.9,71.2,168,36.3,47.8,-0.2697,38% OTM,0,42,0,0,0,0
BBNIDRCH6A,RHB,CALL,4480,5900,4.0000,16 Mar 26,4.2,12.0,65.8,31,9.6,32.5,-0.6143,32% OTM,0,9,0,0,0,-10.0
BBNIDRCX6A,RHB,CALL,4480,2616,0.9178,26 Nov 26,1.0,1.9,65.4,286,90.9,6.9,-1.2904,42% ITM,0,2370,0,0,0,+0.4
BBNIDRCX6B,RHB,CALL,4480,6100,5.0000,26 Nov 26,1.1,3.1,65.2,286,44.8,50.4,-0.4212,36% OTM,0,128,0,0,0,+0.8
BBNIHDCQ6A,KGI,CALL,4480,4784,11.0000,13 Aug 26,1.9,3.2,68.7,181,57.7,25.0,-0.2505,7% OTM,0,74,0,0,0,0
BBNIHDCQ7A,KGI,CALL,4480,5971,10.0000,12 Aug 27,2.0,2.9,48.3,545,50.9,50.7,-0.1316,33% OTM,24000,78,71,24000,179,+1.3
BBNIYUCN6A,CGS,CALL,4480,4750,8.0000,11 May 26,1.4,3.0,107.9,87,57.6,25.3,-0.7141,6% OTM,0,108,0,0,0,0
BBNIYUCV6A,CGS,CALL,4480,5000,7.0000,22 Oct 26,1.2,2.6,75.5,251,59.1,34.3,-0.3643,12% OTM,0,145,0,0,0,0
BBNIZPCH6A,Maybank,CALL,4480,4050,10.0000,31 Mar 26,1.4,4.8,66.7,46,72.2,5.6,-0.4463,10% ITM,0,68,0,0,16,+1.5
BBRIBQCG6A,KISI,CALL,3760,4530,9.6376,27 Feb 26,7.0,13.4,80.0,14,13.8,21.5,-0.4924,20% OTM,0,4,0,0,0,-20.0
BBRIBQCJ6A,KISI,CALL,3760,4636,9.6376,30 Apr 26,3.3,6.4,62.1,76,29.6,27.9,-0.2744,23% OTM,48880,18,43,48880,975,-5.3
BBRIBQCK6A,KISI,CALL,3760,4221,9.6379,26 May 26,2.1,4.5,66.3,102,46.5,22.5,-0.2992,12% OTM,0,40,0,0,0,0
BBRIBQCN6A,KISI,CALL,3760,5252,11.6600,31 Jul 26,3.1,3.7,75.5,168,37.5,49.9,-0.2068,40% OTM,0,33,0,0,0,-2.9
BBRIDRCN6A,RHB,CALL,3760,4626,7.2282,2 Jul 26,1.6,3.7,75.2,139,44.2,35.0,-0.3818,23% OTM,50000,62,87,50000,12,-1.6
BBRIDRCX6A,RHB,CALL,3760,2292,0.8816,26 Nov 26,1.0,1.9,70.7,286,88.7,8.6,-1.3029,39% ITM,0,2030,0,0,1,-0.5
BBRIHDCH6A,KGI,CALL,3760,4055,9.6400,17 Mar 26,2.0,4.6,113.0,32,48.6,18.4,-0.8475,8% OTM,0,41,0,0,22,-4.7
BBRIHDCQ7A,KGI,CALL,3760,5108,7.7101,12 Aug 27,1.7,3.4,42.0,545,46.3,49.6,-0.1283,36% OTM,20000,67,70,20000,138,-1.5
BBRIYUCN6A,CGS,CALL,3760,4250,7.0000,11 May 26,1.3,2.9,118.6,87,54.5,32.0,-0.7530,13% OTM,0,102,0,0,0,-1.0
BBRIYUCV6A,CGS,CALL,3760,4096,6.7463,22 Oct 26,1.2,3.1,59.7,251,57.6,27.4,-0.2662,9% OTM,0,103,0,0,0,-1.0
BBRIZPCH6A,Maybank,CALL,3760,4150,8.0000,31 Mar 26,1.9,5.7,77.7,46,42.8,17.8,-0.5916,10% OTM,0,35,0,0,6874,-2.8
BBRIZPCN6A,Maybank,CALL,3760,4200,12.0000,31 Jul 26,2.3,3.5,67.6,168,52.9,27.0,-0.1975,12% OTM,0,48,0,0,0,0
BBTNDRCV6A,RHB,CALL,1350,1720,3.0000,2 Oct 26,1.3,3.4,64.9,231,45.7,41.0,-0.2332,27% OTM,51650,61,60,50000,410,+1.7
BBTNHDCN6A,KGI,CALL,1350,1350,5.0000,14 Jul 26,1.6,3.3,68.4,151,61.8,18.9,-0.1770,0% ATM,0,51,0,0,0,+2.0
BBTNZPCG6A,Maybank,CALL,1350,1250,5.0000,27 Feb 26,1.3,7.4,70.3,14,74.3,2.6,-0.4687,7% ITM,0,27,0,0,13,+3.8
BBTNZPCU6A,Maybank,CALL,1350,1350,6.0000,30 Sep 26,1.9,2.7,68.6,229,64.4,23.6,-0.1209,0% ATM,0,53,0,0,0,+1.9
BFINDRCK6A,RHB,CALL,705,887,5.7219,25 May 26,3.1,4.6,74.2,101,37.0,33.9,-0.0982,26% OTM,30000,10,24,30000,0,0
BFINHDCM6A,KGI,CALL,705,777,3.8146,10 Jun 26,1.6,5.1,53.6,117,46.9,19.4,-0.1115,10% OTM,43000,17,32,43000,0,0
BFINZPCM6A,Maybank,CALL,705,860,8.0000,30 Jun 26,3.5,3.6,77.0,137,45.3,34.5,-0.0668,22% OTM,5110,11,19,5000,47,0
BMRIBQCG6A,KISI,CALL,5025,5489,9.8020,27 Feb 26,1.3,11.3,75.9,14,30.9,12.0,-0.9925,9% OTM,0,14,0,0,0,-6.7
BMRIBQCJ6A,KISI,CALL,5025,5171,11.7624,30 Apr 26,0.8,4.2,76.2,76,55.7,16.2,-0.4283,3% OTM,48880,57,58,48880,20,+1.8
BMRIBQCN6A,KISI,CALL,5025,6494,11.7624,31 Jul 26,1.1,3.7,71.7,168,41.9,40.7,-0.2719,29% OTM,0,49,0,0,0,+2.1
BMRIDRCN6A,RHB,CALL,5025,6300,8.0000,2 Jul 26,0.8,3.8,75.1,139,42.6,36.7,-0.4564,25% OTM,0,71,0,0,0,+1.4
BMRIDRCX6A,RHB,CALL,5025,3362,0.9086,26 Nov 26,0.4,1.9,73.5,286,85.2,11.2,-1.9796,33% ITM,0,2450,0,0,1,+1.2
BMRIHDCQ6A,KGI,CALL,5025,5068,11.7624,13 Aug 26,0.8,3.1,65.6,181,61.9,20.5,-0.2497,1% OTM,0,84,0,0,0,+1.2
BMRIHDCQ7A,KGI,CALL,5025,6473,8.8218,12 Aug 27,0.6,2.2,64.4,545,59.2,55.2,-0.2033,29% OTM,21000,150,68,21000,15,+1.4
BMRIYUCK6A,CGS,CALL,5025,5000,10.0000,28 May 26,0.6,3.0,91.5,104,61.9,20.0,-0.4982,0% ITM,30000,103,103,30000,10,+1.0
BMRIZPCH6A,Maybank,CALL,5025,4850,15.0000,31 Mar 26,1.0,5.4,66.7,46,62.3,8.2,-0.3670,3% ITM,0,39,0,0,28,+2.6
BNGADRCK6A,RHB,CALL,1875,1900,6.0000,25 May 26,2.0,3.7,74.6,101,58.8,17.3,-0.2675,1% OTM,35000,50,58,18545,0,-2.0
BNGAHDCN6A,KGI,CALL,1875,2084,5.0000,14 Jul 26,1.9,3.3,73.8,151,53.5,27.1,-0.2670,11% OTM,0,60,0,0,0,0
BNGAZPCH6A,Maybank,CALL,1875,1650,6.0000,31 Mar 26,1.5,5.6,47.1,46,81.9,2.7,-0.1985,12% ITM,0,46,0,0,0,-2.1
BRISDRCJ6A,RHB,CALL,2380,2900,12.0000,23 Apr 26,3.7,5.9,69.5,69,32.7,27.4,-0.1692,22% OTM,0,11,0,0,0,-8.3
BRISHDCH6A,KGI,CALL,2380,2893,10.0000,31 Mar 26,3.2,6.2,81.8,46,31.2,26.6,-0.2803,22% OTM,30000,12,51,3514,0,-7.7
BRISYUCN6A,CGS,CALL,2380,2800,6.0000,11 May 26,1.2,3.5,99.5,87,48.0,31.5,-0.4726,18% OTM,0,55,0,0,0,-3.5
BRISZPCG6A,Maybank,CALL,2380,2750,10.0000,27 Feb 26,4.9,12.2,80.0,14,20.5,17.2,-0.3890,16% OTM,0,4,0,0,210,0
BRMSBQCH6A,KISI,CALL,1075,1230,4.0000,31 Mar 26,1.9,4.6,99.9,46,43.2,23.7,-0.4285,14% OTM,0,25,0,0,0,-7.4
BRMSBQCM6A,KISI,CALL,1075,1350,4.0000,30 Jun 26,1.5,2.6,113.6,137,52.6,46.0,-0.2918,26% OTM,0,55,0,0,0,-5.2
BRMSDRCJ6A,RHB,CALL,1075,490,3.0000,23 Apr 26,0.6,1.8,83.1,69,99.2,0.8,-0.0577,54% ITM,0,198,0,0,1709,-2.9
BRMSDRCN6A,RHB,CALL,1075,1625,3.0000,2 Jul 26,1.4,2.9,110.8,139,41.5,65.7,-0.3662,51% OTM,0,52,0,0,0,-3.7
BRMSHDCH6A,KGI,CALL,1075,447,2.0000,31 Mar 26,0.8,1.7,130.0,46,98.4,0.7,-0.1547,58% ITM,11000,318,260,11000,4,-2.5
BRMSYUCN6A,CGS,CALL,1075,1100,4.0000,11 May 26,1.2,2.1,163.3,87,65.4,33.2,-0.4759,2% OTM,0,83,0,0,0,-2.4
BRMSZPCG6A,Maybank,CALL,1075,430,2.0000,27 Feb 26,0.8,1.6,268.1,14,97.8,0.7,-0.5760,60% ITM,0,326,0,0,5,-1.8
BRMSZPCN6A,Maybank,CALL,1075,1050,7.0000,31 Jul 26,2.1,2.3,101.7,168,66.8,27.0,-0.1278,2% ITM,0,45,0,0,0,-2.2
BRPTBQCH6A,KISI,CALL,2240,4500,10.0000,31 Mar 26,6.3,4.4,151.9,46,15.8,104.5,-0.3229,101% OTM,0,8,0,0,0,+14.3
BRPTBQCK6A,KISI,CALL,2240,4990,10.0000,29 May 26,6.2,4.0,112.4,105,16.2,126.8,-0.1639,123% OTM,0,9,0,0,0,0
BRPTDRCH6A,RHB,CALL,2240,5250,5.0000,16 Mar 26,6.2,5.2,175.4,31,8.1,135.9,-0.5626,134% OTM,0,7,0,0,0,0
BRPTDRCJ6A,RHB,CALL,2240,2550,7.0000,23 Apr 26,1.4,3.6,105.2,69,49.2,27.6,-0.4497,14% OTM,0,44,0,0,20,-10.2
BRPTHDCH6A,KGI,CALL,2240,2428,5.0000,19 Mar 26,1.0,4.5,114.5,34,48.7,19.3,-0.9578,8% OTM,0,49,0,0,0,-14.0
BRPTHDCH6B,KGI,CALL,2240,2628,5.0000,31 Mar 26,1.2,4.5,106.4,46,41.9,26.7,-0.7524,17% OTM,10000,42,332,10000,0,-14.3
BRPTHDCN6A,Maybank,CALL,2240,4058,12.0000,30 Jul 26,3.6,3.0,105.1,167,33.5,92.4,-0.1546,81% OTM,0,21,0,0,0,-8.7
BRPTZPCK6A,Maybank,CALL,2240,2450,20.0000,25 May 26,3.6,3.0,102.6,101,55.9,28.1,-0.1278,9% OTM,50000,21,91,50000,573,-8.7
BRPTZPCN6A,Maybank,CALL,2240,3650,14.0000,31 Jul 26,3.7,2.9,102.3,168,38.2,76.1,-0.1354,63% OTM,0,21,0,0,0,-4.5
BSDEBQCK6A,KISI,CALL,900,1200,5.0000,29 May 26,3.1,4.8,73.3,105,31.8,40.0,-0.1307,33% OTM,10000,12,36,10000,1,0
BSDEDRCJ6A,RHB,CALL,900,920,6.0000,23 Apr 26,2.2,5.8,55.5,69,53.8,11.6,-0.1196,2% OTM,0,14,0,0,107,0
BSDEHDCM6A,KGI,CALL,900,1145,4.0000,10 Jun 26,2.6,5.7,56.5,117,30.6,32.6,-0.1211,27% OTM,100,12,35,21578,595,-7.7
BSDEYUCN6A,CGS,CALL,900,920,5.0000,11 May 26,1.6,2.6,121.9,87,61.6,25.6,-0.2512,2% OTM,0,42,0,0,0,0
BSDEZPCH6A,Maybank,CALL,900,850,5.0000,31 Mar 26,1.5,5.4,62.5,46,66.2,6.7,-0.1814,6% ITM,0,22,0,0,44,-4.3
BSDEZPCN6A,Maybank,CALL,900,1000,7.0000,31 Jul 26,2.7,3.7,61.9,168,52.1,25.1,-0.0755,11% OTM,0,18,0,0,0,0
BTPSDRCK6A,RHB,CALL,1220,1651,5.8264,25 May 26,3.9,4.9,74.3,101,30.2,41.5,-0.1531,35% OTM,1260,13,44,10000,101,0
BTPSHDCJ6A,KGI,CALL,1220,1527,3.8843,28 Apr 26,2.5,5.7,70.5,74,31.1,30.6,-0.2568,25% OTM,1259,17,63,4345,0,0
BTPSYUCN6A,CGS,CALL,1220,1500,6.0000,11 May 26,2.8,3.9,91.2,87,42.2,33.8,-0.2185,23% OTM,0,22,0,0,0,0
BTPSZPCH6A,Maybank,CALL,1220,1311,9.7106,31 Mar 26,4.0,5.0,85.6,46,48.0,17.0,-0.1766,7% OTM,0,12,0,0,1,0
BUKABQCV6A,KISI,CALL,150,198,2.0000,30 Oct 26,3.2,1.9,123.7,259,62.3,65.3,-0.0624,32% OTM,0,25,0,0,0,0
BUKADRCK6A,RHB,CALL,150,210,2.0000,25 May 26,6.6,4.5,81.2,101,30.2,46.7,-0.0594,40% OTM,57673,5,15,50000,9830,0
BUKAHDCN6A,KGI,CALL,150,191,1.5000,14 Jul 26,3.0,2.8,99.9,151,50.0,45.3,-0.0923,27% OTM,0,18,0,0,0,+5.9
BUKAYUCN6A,CGS,CALL,150,200,1.0000,11 May 26,2.4,3.3,113.7,87,41.9,46.0,-0.1972,33% OTM,0,19,0,0,0,0
BUKAZPCM6A,Maybank,CALL,150,190,1.0000,30 Jun 26,2.4,3.7,77.2,137,42.2,38.0,-0.1121,27% OTM,5000,17,35,5000,21,0
BUKAZPCU6A,Maybank,CALL,150,170,1.5000,30 Sep 26,2.6,2.6,79.3,229,57.9,35.3,-0.0620,13% OTM,0,22,0,0,0,+4.8
BUMIBQCU6A,KISI,CALL,268,452,2.5000,30 Sep 26,2.2,1.9,142.8,229,56.0,98.5,-0.1109,69% OTM,0,32,0,0,0,0
BUMIDRCM6A,RHB,CALL,268,360,1.0000,10 Jun 26,1.0,2.5,129.8,117,50.1,54.1,-0.3547,34% OTM,0,53,0,0,0,-3.6
BUMIHDCQ6A,KGI,CALL,268,314,1.2000,13 Aug 26,1.1,2.8,84.9,181,54.2,36.4,-0.1646,17% OTM,0,43,0,0,0,-2.3
BUMIZPCQ6A,Maybank,CALL,268,300,1.0000,31 Aug 26,0.8,2.5,89.6,199,59.1,35.4,-0.1953,12% OTM,0,63,0,0,0,-3.1
CMRYDRCK6A,RHB,CALL,5300,5400,12.0000,25 May 26,0.8,3.9,69.5,101,57.8,16.6,-0.3572,2% OTM,5000,65,85,5000,2,-12.2
CMRYHDCN6A,KGI,CALL,5300,6008,15.0000,1 Jul 26,1.2,3.7,69.6,138,49.8,26.7,-0.2487,13% OTM,0,47,0,0,0,-11.3
CMRYZPCJ6A,Maybank,CALL,5300,5194,24.5000,30 Apr 26,1.6,4.1,72.2,76,61.0,12.8,-0.2033,2% ITM,0,32,0,0,0,-11.1
CPINDRCN6A,RHB,CALL,4440,5475,9.0000,2 Jul 26,2.1,4.0,70.6,139,42.5,34.1,-0.3396,23% OTM,0,53,0,0,0,-1.9
CPINHDCN6A,KGI,CALL,4440,5686,10.0000,1 Jul 26,3.0,5.1,57.7,138,33.4,34.6,-0.2353,28% OTM,0,29,0,0,0,-3.3
CPINZPCJ6A,Maybank,CALL,4440,5400,20.0000,30 Apr 26,5.6,5.3,72.9,76,35.6,28.4,-0.1960,22% OTM,0,15,0,0,38,0
CPINZPCN6A,Maybank,CALL,4440,5500,18.0000,31 Jul 26,4.2,3.9,64.7,168,42.9,34.8,-0.1449,24% OTM,0,27,0,0,0,-3.6
CTRADRCJ6A,RHB,CALL,835,1100,6.0000,23 Apr 26,5.1,6.6,68.7,69,23.6,35.3,-0.0993,32% OTM,0,5,0,0,1220,0
CTRAHDCK6A,KGI,CALL,835,1094,3.0000,11 May 26,2.8,7.4,55.0,87,21.3,33.9,-0.1368,31% OTM,33000,8,35,33000,22,-11.1
CTRAZPCG6A,Maybank,CALL,835,1060,4.0000,27 Feb 26,10.8,15.4,78.8,14,7.4,27.4,-0.1642,27% OTM,0,1,0,0,0,-50.0
DSNGBQCQ6A,KISI,CALL,1395,1960,10.0000,31 Aug 26,3.6,2.1,122.7,199,55.1,66.3,-0.1351,41% OTM,0,36,0,0,0,0
DSNGDRCK6A,RHB,CALL,1395,1850,6.0000,25 May 26,2.9,3.4,101.3,101,41.3,44.7,-0.2546,33% OTM,3531,28,110,16903,2,0
DSNGDRCX6A,RHB,CALL,1395,2030,2.5000,26 Nov 26,1.1,2.8,75.1,286,44.7,61.3,-0.2940,46% OTM,0,88,0,0,0,-1.1
DSNGHDCK6A,KGI,CALL,1395,1732,4.0000,25 May 26,2.2,4.8,70.4,101,36.9,31.9,-0.2648,24% OTM,3598,27,142,8611,0,-3.6
DSNGZPCM6A,Maybank,CALL,1395,1820,10.0000,30 Jun 26,4.4,3.1,93.4,137,45.1,44.8,-0.1253,30% OTM,5000,20,67,5000,0,0
DSSADRCM6A,RHB,CALL,95075,146000,140.0000,10 Jun 26,13.9,2.9,120.3,117,40.2,67.4,-0.8060,54% OTM,0,94,0,0,0,-6.9
ELSABQCQ6A,KISI,CALL,755,980,3.0000,31 Aug 26,1.0,2.1,122.8,199,58.6,58.0,-0.2413,30% OTM,0,71,0,0,0,-5.3
ELSADRCJ6A,RHB,CALL,755,510,3.0000,23 Apr 26,0.6,2.8,62.6,69,94.9,1.7,-0.0875,32% ITM,0,86,0,0,0,-5.5
ELSAHDCK6A,KGI,CALL,755,541,2.5000,25 May 26,0.6,2.7,67.6,101,88.1,4.1,-0.1448,28% ITM,45000,98,37,45000,0,-4.9
ELSAZPCG6A,Maybank,CALL,755,490,3.0000,27 Feb 26,0.6,2.7,135.8,14,96.2,0.7,-0.2341,35% ITM,0,90,0,0,36,-5.3
ELSAZPCN6A,Maybank,CALL,755,565,5.0000,31 Jul 26,1.2,2.4,70.0,168,82.4,8.6,-0.0724,25% ITM,0,51,0,0,0,-5.6
ELSAZPCQ6A,Maybank,CALL,755,600,6.0000,31 Aug 26,1.4,3.0,47.3,199,83.3,7.3,-0.0439,21% ITM,0,35,0,0,0,-5.4
EMTKBQCH6A,KISI,CALL,920,1713,4.9788,31 Mar 26,8.3,5.5,123.3,46,12.0,88.4,-0.1798,86% OTM,10000,4,34,10000,427,0
EMTKBQCN6A,KISI,CALL,920,1980,5.0000,31 Jul 26,3.9,3.2,106.3,168,25.8,123.4,-0.1352,115% OTM,0,15,0,0,0,0
EMTKDRCH6A,RHB,CALL,920,1700,2.5000,16 Mar 26,6.7,6.9,128.0,31,7.5,85.9,-0.3183,85% OTM,0,4,0,0,0,0
EMTKDRCK6A,RHB,CALL,920,1250,7.0000,25 May 26,3.5,3.5,101.6,101,39.7,47.3,-0.1427,36% OTM,13687,15,59,50000,715,+7.1
EMTKHDCK6A,KGI,CALL,920,1349,3.9831,25 May 26,2.9,4.5,83.6,101,27.5,52.7,-0.1796,47% OTM,6867,14,77,16108,59,+7.7
EMTKHDCQ6A,KGI,CALL,920,1503,6.0000,13 Aug 26,3.4,3.2,90.8,181,35.1,74.5,-0.1091,63% OTM,0,17,0,0,0,+6.3
EMTKYUCN6A,CGS,CALL,920,1280,7.0000,11 May 26,3.0,2.7,145.3,87,46.7,56.6,-0.2219,39% OTM,0,23,0,0,0,0
EMTKZPCH6A,Maybank,CALL,920,500,5.0000,31 Mar 26,1.0,2.1,103.8,46,96.9,1.1,-0.0729,46% ITM,0,86,0,0,32,+2.4
EMTKZPCM6A,Maybank,CALL,920,1400,8.0000,30 Jun 26,4.2,3.1,102.5,137,38.1,64.3,-0.1074,52% OTM,5000,14,49,5000,396,0
ENRGBQCJ6A,KISI,CALL,1295,1415,5.0000,30 Apr 26,1.8,2.9,120.2,76,55.8,28.2,-0.3913,9% OTM,0,49,0,0,0,+19.5
ENRGDRCJ6A,RHB,CALL,1295,490,3.0000,23 Apr 26,1.2,1.6,113.4,69,98.8,0.8,-0.0848,62% ITM,0,272,0,0,0,+10.6
ENRGDRCN6A,RHB,CALL,1295,2100,3.0000,2 Jul 26,1.8,3.3,100.0,139,33.6,72.4,-0.3731,62% OTM,0,44,0,0,0,+18.9
ENRGHDCK6A,KGI,CALL,1295,733,4.0000,11 May 26,0.9,2.0,102.0,87,92.4,3.2,-0.1670,43% ITM,27000,151,95,27000,0,+12.7
ENRGYUCN6A,CGS,CALL,1295,850,5.0000,11 May 26,1.2,1.8,153.0,87,83.3,11.2,-0.3014,34% ITM,0,118,0,0,0,+11.3
ENRGZPCG6A,Maybank,CALL,1295,360,1.5000,27 Feb 26,1.5,1.3,384.7,14,98.1,0.8,-1.1153,72% ITM,0,630,0,0,0,+8.6
ENRGZPCK6A,Maybank,CALL,1295,700,8.0000,25 May 26,1.7,1.9,102.6,101,92.7,3.5,-0.0763,46% ITM,50000,80,52,50000,9,+11.1
ENRGZPCQ6A,Maybank,CALL,1295,1400,8.0000,31 Aug 26,2.6,2.3,98.2,199,62.5,35.3,-0.1251,8% OTM,0,44,0,0,0,+12.8
ERAABQCK6A,KISI,CALL,424,600,3.0000,26 May 26,4.2,3.6,99.1,102,36.1,51.4,-0.1445,42% OTM,0,14,0,0,0,0
ERAADRCJ6A,RHB,CALL,424,570,6.0000,23 Apr 26,9.3,4.5,95.7,69,32.1,41.5,-0.0804,34% OTM,0,5,0,0,15792,0
ERAAHDCN6A,KGI,CALL,424,490,3.0000,14 Jul 26,2.7,2.6,99.8,151,56.0,36.8,-0.1300,16% OTM,0,30,0,0,0,0
ERAAZPCH6A,Maybank,CALL,424,550,5.0000,31 Mar 26,7.5,4.7,111.1,46,33.2,36.8,-0.1371,30% OTM,0,6,0,0,23,0
ESSABQCK6A,KISI,CALL,615,855,5.0000,26 May 26,3.1,4.3,83.4,102,31.8,46.3,-0.1018,39% OTM,0,9,0,0,0,0
ESSADRCN6A,RHB,CALL,615,850,4.0000,2 Jul 26,2.0,3.3,91.5,139,40.8,50.6,-0.1315,38% OTM,37000,19,31,35000,53,0
ESSAHDCH6A,KGI,CALL,615,600,5.0000,19 Mar 26,1.6,3.3,143.4,34,61.5,16.3,-0.3149,2% ITM,0,23,0,0,228,-4.2
ESSAZPCK6A,Maybank,CALL,615,720,8.0000,25 May 26,3.4,3.6,86.9,101,47.4,30.1,-0.0754,17% OTM,50000,10,16,50504,20,0
ESSAZPCQ6A,Maybank,CALL,615,680,8.0000,31 Aug 26,2.9,3.1,69.7,199,56.1,28.8,-0.0460,11% OTM,0,14,0,0,0,0
EXCLBQCQ6A,KISI,CALL,3010,4500,15.0000,31 Aug 26,2.9,2.2,122.4,199,52.3,73.4,-0.1947,50% OTM,0,48,0,0,0,+2.1
EXCLHDCJ6A,KGI,CALL,3010,3035,5.6700,14 Apr 26,1.0,6.7,49.7,60,55.1,9.1,-0.4105,1% OTM,34145,44,18,33000,170,+7.3
EXCLZPCM6A,Maybank,CALL,3010,2833,14.1661,30 Jun 26,2.1,3.5,60.2,137,66.8,12.9,-0.1275,6% ITM,5000,40,23,5000,1,+5.3
EXCLZPCN6A,Maybank,CALL,3010,2550,14.1661,31 Jul 26,1.8,3.2,51.9,168,77.6,8.7,-0.0931,15% ITM,0,51,0,0,0,+4.1
GGRMZPCG6A,Maybank,CALL,16200,9227,37.8552,27 Feb 26,1.5,2.3,150.9,14,98.0,0.4,-0.2691,43% ITM,0,186,0,0,990,-1.1
GJTLZPCJ6A,Maybank,CALL,1075,1080,10.0000,30 Apr 26,3.4,4.2,73.9,76,58.2,14.4,-0.1041,0% OTM,30000,15,19,30000,10,0
GOTOBQCJ6A,KISI,CALL,59,68,2.0000,30 Apr 26,4.1,3.6,101.3,76,48.5,28.8,-0.0382,15% OTM,30000,4,8,235012,2425,0
GOTOBQCQ6A,KISI,CALL,59,80,2.0000,28 Aug 26,3.9,2.5,101.3,196,50.9,55.9,-0.0244,36% OTM,0,6,0,0,0,0
GOTODRCN6A,RHB,CALL,59,62,1.2000,2 Jul 26,1.9,2.2,120.9,139,63.7,33.6,-0.0535,5% OTM,0,14,0,0,0,0
GOTOHDCK6A,KGI,CALL,59,59,1.0000,25 May 26,1.6,3.3,84.9,101,60.9,18.6,-0.0559,0% ATM,50002,11,14,50215,2,0
GOTOZPCH6A,Maybank,CALL,59,50,1.0000,31 Mar 26,1.4,2.7,139.2,46,72.7,11.9,-0.1116,15% ITM,0,16,0,0,2,0
GOTOZPCK6A,Maybank,CALL,59,64,1.5000,25 May 26,2.6,2.8,108.8,101,57.3,28.8,-0.0471,8% OTM,51892,8,11,50000,0,0
HEALBQCZ6A,KISI,CALL,1365,1850,8.0000,30 Dec 26,2.4,1.7,131.0,320,66.5,75.4,-0.1297,36% OTM,0,68,0,0,0,-2.9
HEALDRCJ6A,RHB,CALL,1365,1750,6.0000,23 Apr 26,4.2,5.9,73.3,69,28.4,33.0,-0.1908,28% OTM,0,11,0,0,0,+10.0
HEALHDCH6A,KGI,CALL,1365,1600,5.0000,19 Mar 26,2.3,4.2,131.7,34,43.1,27.5,-0.6547,17% OTM,0,28,0,0,0,-6.7
HEALZPCH6A,Maybank,CALL,1365,1400,8.0000,31 Mar 26,3.0,5.1,79.3,46,53.5,13.1,-0.2244,3% OTM,0,18,0,0,54,-10.0
HEALZPCN6A,Maybank,CALL,1365,1650,7.0000,31 Jul 26,3.4,4.5,55.3,168,41.5,30.1,-0.0996,21% OTM,0,18,0,0,0,-5.3
HRUMBQCQ6A,KISI,CALL,1140,1480,8.0000,31 Aug 26,2.7,2.1,122.3,199,58.5,57.9,-0.1362,30% OTM,0,40,0,0,0,+2.6
HRUMDRCN6A,RHB,CALL,1140,1600,3.5000,2 Jul 26,2.1,4.1,75.9,139,33.7,48.6,-0.2197,40% OTM,50000,27,43,1156,89,+8.0
HRUMHDCK6A,KGI,CALL,1140,1257,3.0000,11 May 26,1.3,5.4,59.6,87,45.2,18.7,-0.2841,10% OTM,23000,32,52,1296,616,+3.2
HRUMHDCQ6A,KGI,CALL,1140,1156,5.0000,13 Aug 26,1.6,3.0,71.6,181,62.1,22.5,-0.1426,1% OTM,0,48,0,0,0,+4.3
HRUMZPCG6A,Maybank,CALL,1140,900,5.0000,27 Feb 26,1.1,4.2,89.8,14,92.6,0.9,-0.2373,21% ITM,0,50,0,0,0,+6.4
HRUMZPCM6A,Maybank,CALL,1140,1300,6.0000,30 Jun 26,2.4,3.8,70.2,137,49.4,27.2,-0.1350,14% OTM,5108,25,34,5000,12,+4.2
HRUMZPCQ6A,Maybank,CALL,1140,1155,7.0000,31 Aug 26,2.2,2.9,69.1,199,62.6,22.8,-0.0947,1% OTM,0,35,0,0,0,+6.1
HRUMZPCU6A,Maybank,CALL,1140,1200,8.0000,30 Sep 26,2.7,3.2,58.0,229,59.3,23.5,-0.0691,5% OTM,0,26,0,0,0,+4.0
ICBPDRCX6A,RHB,CALL,8175,6933,0.9765,26 Nov 26,0.5,2.5,60.0,286,75.8,15.6,-3.3039,15% ITM,0,2580,0,0,0,-0.4
ICBPDRCX6B,RHB,CALL,8175,12200,25.0000,19 Nov 26,2.6,3.4,65.1,279,38.0,60.6,-0.1475,49% OTM,0,37,0,0,0,0
ICBPHDCJ6A,KGI,CALL,8175,11413,15.0000,14 Apr 26,7.3,11.2,52.6,60,8.2,40.3,-0.1563,40% OTM,19000,4,32,19000,241,0
ICBPZPCQ6A,Maybank,CALL,8175,9000,40.0000,31 Aug 26,3.3,5.2,38.8,199,48.8,19.4,-0.0774,10% OTM,0,19,0,0,0,0
INCOBQCJ6A,KISI,CALL,7150,5225,12.0000,30 Apr 26,0.6,2.7,84.7,76,85.3,4.8,-0.4225,27% ITM,10000,189,53,10000,3,+13.2
INCOBQCN6A,KISI,CALL,7150,5900,12.0000,31 Jul 26,0.6,2.3,87.3,168,75.4,15.2,-0.3902,17% ITM,0,195,0,0,0,+11.4
INCODRCK6A,RHB,CALL,7150,4500,10.0000,25 May 26,0.9,2.4,69.3,101,93.5,2.7,-0.2525,37% ITM,10000,284,89,2724,3,+11.8
INCODRCM6A,RHB,CALL,7150,5400,4.5000,10 Jun 26,1.1,2.6,75.3,117,82.5,7.0,-0.9345,24% ITM,0,500,0,0,0,+13.1
INCOHDCJ6A,KGI,CALL,7150,4077,10.0000,28 Apr 26,0.8,2.1,84.9,74,95.6,1.8,-0.2569,43% ITM,17000,320,104,3886,2,+11.1
INCOZPCK6A,Maybank,CALL,7150,4400,18.0000,25 May 26,0.8,2.3,66.9,101,94.8,2.3,-0.1239,38% ITM,45937,162,51,9718,660,+11.0
INCOZPCN6A,Maybank,CALL,7150,4900,12.0000,31 Jul 26,1.1,2.2,73.7,168,86.1,7.1,-0.2623,31% ITM,0,230,0,0,0,+10.6
INDFBQCK6A,KISI,CALL,6750,8800,20.0000,26 May 26,2.5,5.1,69.1,102,31.6,36.6,-0.2348,30% OTM,0,21,0,0,0,0
INDFDRCX6A,RHB,CALL,6750,4443,0.9659,26 Nov 26,0.4,2.1,60.5,286,88.0,8.3,-2.0500,34% ITM,0,2970,0,0,0,+1.7
INDFDRCX6B,RHB,CALL,6750,9575,25.0000,19 Nov 26,2.4,3.3,64.7,279,41.3,54.4,-0.1247,42% OTM,0,34,0,0,0,0
INDFHDCJ6A,KGI,CALL,6750,9559,18.0000,14 Apr 26,7.0,9.6,59.4,60,10.3,42.7,-0.1425,42% OTM,21962,4,20,35000,1,0
INDYBQCQ6A,KISI,CALL,3640,4780,15.0000,31 Aug 26,2.5,1.9,136.4,199,61.0,63.0,-0.2521,31% OTM,0,77,0,0,0,-1.3
INDYDRCN6A,RHB,CALL,3640,3390,4.0000,2 Jul 26,1.2,2.4,100.4,139,68.3,21.5,-0.8066,7% ITM,30000,258,119,30000,108,-1.5
INDYHDCJ6A,KGI,CALL,3640,1446,4.0000,28 Apr 26,2.0,1.6,121.7,74,97.7,1.3,-0.2621,60% ITM,4925,560,240,10000,16,-0.9
INDYHDCN6A,KGI,CALL,3640,2294,11.0000,14 Jul 26,1.3,1.9,95.9,151,86.7,7.7,-0.1774,37% ITM,0,148,0,0,0,-1.3
INDYYUCN6A,CGS,CALL,3640,2200,6.0000,11 May 26,1.4,1.8,154.3,87,85.8,9.2,-0.6420,40% ITM,0,296,0,0,0,-1.3
INDYZPCG6A,Maybank,CALL,3640,1350,8.0000,27 Feb 26,1.6,1.6,256.1,14,98.7,0.4,-0.3054,63% ITM,0,288,0,0,168,-1.4
INDYZPCN6A,Maybank,CALL,3640,2450,12.0000,31 Jul 26,1.4,2.2,74.4,168,86.7,6.9,-0.1310,33% ITM,0,120,0,0,0,-0.8
INDYZPCU6A,Maybank,CALL,3640,2550,10.0000,30 Sep 26,1.2,2.0,77.4,229,83.5,11.0,-0.1571,30% ITM,0,149,0,0,0,-0.7
INKPBQCK6A,KISI,CALL,9575,10000,25.0000,26 May 26,1.8,3.7,76.2,102,56.1,19.6,-0.3347,4% OTM,0,58,0,0,0,+7.4
INKPDRCN6A,RHB,CALL,9575,12200,13.0000,2 Jul 26,1.1,3.2,90.4,139,46.1,41.9,-0.6412,27% OTM,0,107,0,0,0,+5.9
INKPHDCK6A,KGI,CALL,9575,7756,16.0000,25 May 26,0.8,2.9,77.8,101,78.1,8.2,-0.4289,19% ITM,11069,163,115,9027,0,+6.5
INKPYUCN6A,CGS,CALL,9575,7700,22.0000,11 May 26,1.2,2.5,108.1,87,76.3,11.4,-0.4538,20% ITM,0,135,0,0,0,+5.5
INKPZPCK6A,Maybank,CALL,9575,8800,45.0000,25 May 26,2.6,3.3,76.0,101,68.1,12.6,-0.1739,8% ITM,19000,44,33,18000,14,+7.3
INTPBQCQ6A,KISI,CALL,6550,8900,40.0000,31 Aug 26,2.8,2.1,122.9,199,56.6,62.7,-0.1583,36% OTM,0,44,0,0,0,-2.2
INTPDRCN6A,RHB,CALL,6550,8300,17.0000,2 Jul 26,1.6,3.8,74.8,139,41.6,37.6,-0.2771,27% OTM,500,42,59,500,0,-6.7
INTPHDCM6A,KGI,CALL,6550,7224,20.0000,10 Jun 26,1.6,4.4,63.0,117,49.2,21.6,-0.2281,10% OTM,11469,37,49,32000,1,-7.5
INTPZPCG6A,Maybank,CALL,6550,5500,30.0000,27 Feb 26,1.4,5.0,84.8,14,87.6,1.4,-0.3011,16% ITM,0,38,0,0,87,-7.3
INTPZPCM6A,Maybank,CALL,6550,7100,40.0000,30 Jun 26,2.9,3.3,76.1,137,55.1,24.9,-0.1249,8% OTM,5000,27,33,5000,0,-6.9
ISATBQCJ6A,KISI,CALL,2210,2280,8.0000,30 Apr 26,1.5,4.5,71.1,76,54.8,15.5,-0.2609,3% OTM,12800,34,42,12800,0,0
ISATBQCN6A,KISI,CALL,2210,3000,5.0000,31 Jul 26,1.3,3.7,74.0,168,39.0,46.4,-0.2825,36% OTM,0,47,0,0,0,-2.1
ISATDRCN6A,RHB,CALL,2210,2790,5.0000,2 Jul 26,1.2,4.1,70.4,139,40.3,36.2,-0.2986,26% OTM,0,44,0,0,0,+2.3
ISATHDCJ6A,KGI,CALL,2210,2715,6.0000,14 Apr 26,2.9,9.4,51.1,60,20.5,25.0,-0.1964,23% OTM,49050,8,14,46594,7047,0
ISATHDCN6A,Maybank,CALL,2210,2619,5.0000,30 Jul 26,1.0,3.4,73.5,167,49.4,33.2,-0.2980,19% OTM,0,65,0,0,0,+1.6
ISATZPCU6A,Maybank,CALL,2210,2500,15.0000,30 Sep 26,2.8,3.4,58.6,229,53.2,28.7,-0.0723,13% OTM,0,23,0,0,0,0
ITMGDRCV6A,RHB,CALL,22075,35818,17.4249,2 Oct 26,2.5,4.0,65.2,231,28.4,69.4,-0.5445,62% OTM,5000,91,147,5008,1,-3.2
ITMGHDCJ6A,KGI,CALL,22075,22951,29.0416,28 Apr 26,2.2,5.0,64.8,74,52.8,14.6,-0.6707,4% OTM,1688,81,140,5466,15,-4.7
ITMGZPCJ6A,Maybank,CALL,22075,24201,43.5623,30 Apr 26,4.2,6.8,50.3,76,41.7,15.7,-0.3404,10% OTM,5042,31,59,12412,4,-6.1
JPFABQCK6A,KISI,CALL,2530,3330,10.0000,26 May 26,2.9,4.5,77.1,102,34.0,39.1,-0.2009,32% OTM,0,19,0,0,0,-13.6
JPFADRCH6A,RHB,CALL,2530,3200,3.0000,16 Mar 26,2.6,12.3,61.1,31,11.7,27.4,-0.4976,26% OTM,0,8,0,0,0,-27.3
JPFADRCJ6A,RHB,CALL,2530,1850,6.0000,23 Apr 26,0.6,3.3,52.7,69,94.0,1.8,-0.1478,27% ITM,0,121,0,0,173,-6.9
JPFAHDCN6A,KGI,CALL,2530,2738,10.0000,14 Jul 26,1.8,3.1,78.4,151,56.6,26.4,-0.1888,8% OTM,0,46,0,0,0,-8.0
JPFAYUCN6A,CGS,CALL,2530,2000,5.0000,11 May 26,0.6,2.6,98.8,87,78.0,9.5,-0.4719,21% ITM,0,154,0,0,0,-6.1
JPFAZPCG6A,Maybank,CALL,2530,1550,5.0000,27 Feb 26,0.5,2.5,129.7,14,98.1,0.4,-0.2852,39% ITM,0,198,0,0,122,-5.7
JPFAZPCN6A,Maybank,CALL,2530,3000,10.0000,31 Jul 26,2.4,4.8,50.9,168,41.8,27.3,-0.1211,19% OTM,0,22,0,0,0,-8.3
JSMRBQCQ6A,KISI,CALL,3730,4980,16.0000,31 Aug 26,2.8,2.1,123.1,199,57.4,61.0,-0.2250,34% OTM,0,64,0,0,0,0
JSMRDRCH6A,RHB,CALL,3730,4700,4.0000,16 Mar 26,2.5,10.1,70.6,31,16.2,27.6,-0.7908,26% OTM,0,15,0,0,0,-6.3
JSMRDRCK6A,RHB,CALL,3730,3700,12.0000,25 May 26,2.0,3.8,70.5,101,60.7,15.3,-0.2517,1% ITM,30000,50,94,30000,273,0
JSMRHDCH6A,KGI,CALL,3730,3780,10.0000,19 Mar 26,1.8,4.2,112.5,34,56.2,14.7,-0.7798,1% OTM,0,50,0,0,4,-2.0
JSMRZPCG6A,Maybank,CALL,3730,3350,17.0000,27 Feb 26,2.1,6.9,66.8,14,81.9,1.7,-0.3059,10% ITM,0,26,0,0,1355,0
JSMRZPCU6A,Maybank,CALL,3730,4400,12.0000,30 Sep 26,2.4,3.3,62.9,229,51.0,33.4,-0.1607,18% OTM,0,48,0,0,0,0
KIJABQCN6A,KISI,CALL,222,308,2.0000,31 Jul 26,1.8,2.1,137.5,168,56.2,65.8,-0.1290,39% OTM,0,30,0,0,0,-3.2
KIJADRCM6A,RHB,CALL,222,206,1.0000,10 Jun 26,0.7,3.3,72.2,117,67.5,13.5,-0.1637,7% ITM,0,46,0,0,0,-4.2
KIJAZPCQ6A,Maybank,CALL,222,200,1.0000,31 Aug 26,0.7,3.1,55.0,199,71.7,13.1,-0.1019,10% ITM,0,51,0,0,0,-1.9
KLBFBQCJ6A,KISI,CALL,1100,1440,4.0000,30 Apr 26,2.8,5.6,74.4,76,28.4,36.0,-0.2232,31% OTM,48770,14,40,48770,0,-6.7
KLBFDRCN6A,RHB,CALL,1100,1600,4.0000,2 Jul 26,2.8,4.6,70.1,139,28.3,51.6,-0.1589,45% OTM,0,17,0,0,0,-5.6
KLBFHDCK6A,KGI,CALL,1100,1292,4.0000,25 May 26,1.9,4.6,68.6,101,42.1,26.5,-0.2131,17% OTM,26000,25,60,26000,0,-3.8
KLBFZPCJ6A,Maybank,CALL,1100,1600,5.0000,30 Apr 26,7.2,7.6,63.6,76,13.9,47.3,-0.0993,45% OTM,0,4,0,0,0,0
KPIGDRCM6A,RHB,CALL,167,204,1.0000,10 Jun 26,1.9,2.6,121.8,117,53.7,43.1,-0.2081,22% OTM,0,35,0,0,0,-12.5
KPIGHDCQ6A,KGI,CALL,167,152,1.2000,13 Aug 26,1.7,2.5,81.2,181,70.0,19.0,-0.0901,9% ITM,0,39,0,0,0,-13.3
KPIGZPCQ6A,Maybank,CALL,167,160,1.0000,31 Aug 26,1.5,2.5,78.5,199,67.1,22.2,-0.1038,4% ITM,0,44,0,0,0,-13.7
LSIPDRCK6A,RHB,CALL,1160,1600,6.0000,25 May 26,4.1,4.8,76.8,101,29.6,44.1,-0.1441,38% OTM,2158,12,46,10989,102,0
LSIPHDCJ6A,KGI,CALL,1160,1590,4.0000,28 Apr 26,4.5,7.4,62.5,74,17.9,39.5,-0.1548,37% OTM,2471,7,50,6291,0,-12.5
LSIPZPCG6A,Maybank,CALL,1160,1327,3.7920,27 Feb 26,3.6,12.8,75.8,14,20.9,16.0,-0.4795,14% OTM,0,5,0,0,2000,0
LSIPZPCQ6A,Maybank,CALL,1160,1500,9.0000,31 Aug 26,4.8,4.4,54.9,199,37.5,37.8,-0.0585,29% OTM,0,11,0,0,0,0
MAPABQCK6A,KISI,CALL,665,980,4.0000,26 May 26,2.8,4.3,86.9,102,28.7,54.0,-0.1361,47% OTM,0,11,0,0,0,-15.4
MAPADRCJ6A,RHB,CALL,665,760,6.0000,23 Apr 26,3.0,5.6,68.0,69,40.2,21.5,-0.1003,14% OTM,0,8,0,0,1032,-20.0
MAPAHDCN6A,Maybank,CALL,665,844,5.0000,30 Jul 26,2.2,3.2,80.4,167,46.2,41.2,-0.0958,27% OTM,0,19,0,0,0,-5.0
MAPAZPCH6A,Maybank,CALL,665,750,5.0000,31 Mar 26,2.1,4.0,115.7,46,47.6,24.8,-0.2475,13% OTM,0,16,0,0,3,-11.1
MAPIBQCG6A,KISI,CALL,1290,1500,4.0000,27 Feb 26,4.7,13.8,73.7,14,17.1,17.5,-0.4347,16% OTM,0,4,0,0,0,0
MAPIBQCK6A,KISI,CALL,1290,1780,6.0000,29 May 26,3.8,4.5,79.3,105,31.3,45.0,-0.1666,38% OTM,0,15,0,0,0,-6.3
MAPIDRCH6A,RHB,CALL,1290,1760,2.0000,16 Mar 26,3.7,10.1,77.5,31,10.9,37.5,-0.4544,36% OTM,0,7,0,0,0,-12.5
MAPIHDCK6A,KGI,CALL,1290,1306,3.0000,11 May 26,1.0,4.0,72.6,87,57.9,15.7,-0.3863,1% OTM,17258,62,73,19405,2,-4.6
MAPIZPCJ6A,Maybank,CALL,1290,1330,5.0000,30 Apr 26,1.8,4.2,75.8,76,55.4,16.3,-0.2574,3% OTM,30000,34,49,30000,1,-5.6
MBMABQCG6A,KISI,CALL,730,670,4.0000,27 Feb 26,1.1,6.0,93.6,14,71.8,3.8,-0.4287,8% ITM,0,22,0,0,0,+22.2
MBMABQCK6A,KISI,CALL,730,750,5.0000,26 May 26,1.7,2.9,99.2,102,60.1,23.3,-0.1583,3% OTM,0,30,0,0,0,+7.1
MBMADRCN6A,RHB,CALL,730,1160,2.0000,2 Jul 26,1.1,3.0,108.3,139,37.8,71.5,-0.3550,59% OTM,0,46,0,0,0,+9.5
MBMAHDCH6A,KGI,CALL,730,614,2.0000,19 Mar 26,0.5,3.0,132.4,34,74.2,8.5,-0.7427,16% ITM,0,89,0,0,10,+9.9
MBMAHDCN6A,KGI,CALL,730,653,2.0000,1 Jul 26,0.6,2.6,86.0,138,70.4,16.3,-0.2788,11% ITM,0,98,0,0,0,+8.9
MBMAYUCK6A,CGS,CALL,730,550,2.5000,28 May 26,0.6,1.7,181.1,104,78.9,22.3,-0.4145,25% ITM,20000,137,128,20000,0,+5.4
MBMAZPCK6A,Maybank,CALL,730,400,8.0000,25 May 26,1.7,1.9,108.7,101,91.6,4.1,-0.0488,45% ITM,50004,45,34,50000,98,+7.1
MBMAZPCN6A,Maybank,CALL,730,710,6.0000,31 Jul 26,1.8,2.6,85.6,168,65.7,22.7,-0.0887,3% ITM,0,31,0,0,0,+6.9
MDKABQCG6A,KISI,CALL,3230,2800,10.0000,27 Feb 26,1.2,5.5,84.2,14,83.4,1.9,-0.5260,13% ITM,0,49,0,0,0,+8.9
MDKABQCK6A,KISI,CALL,3230,3080,12.0000,26 May 26,1.8,3.1,86.8,102,65.0,16.5,-0.2518,5% ITM,0,57,0,0,0,+5.6
MDKADRCK6A,RHB,CALL,3230,2750,8.0000,25 May 26,1.1,2.8,85.3,101,73.7,11.1,-0.3373,15% ITM,9,105,60,50000,251,+4.0
MDKAHDCN6A,KGI,CALL,3230,2450,10.0000,1 Jul 26,1.3,2.3,88.4,138,79.9,10.5,-0.2126,24% ITM,0,112,0,0,0,+3.7
MDKAHDPH6A,KGI,PUT,3230,2061,4.0000,25 Mar 26,2.5,1.7,228.5,40,-16.2,45.9,-1.8271,36% OTM,10000,78,115,10000,0,-12.4
MDKAHDPJ6A,KGI,PUT,3230,1943,10.0000,10 Jun 26,7.2,0.6,252.1,117,-13.8,63.1,-0.4067,40% OTM,10000,75,58,10000,120,-3.8
MDKAYUCK6A,CGS,CALL,3230,3000,8.0000,28 May 26,1.1,1.8,183.3,104,72.2,33.5,-0.6666,7% ITM,20000,164,132,20000,0,+2.5
MDKAZPCQ6A,Maybank,CALL,3230,2600,15.0000,31 Aug 26,1.9,2.3,77.3,199,77.2,13.9,-0.1151,20% ITM,0,72,0,0,0,+2.9
MEDCBQCH6A,KISI,CALL,1575,1510,4.0000,31 Mar 26,1.3,5.1,70.2,46,63.2,8.3,-0.4483,4% ITM,0,49,0,0,0,+4.3
MEDCBQCM6A,KISI,CALL,1575,1735,5.0000,30 Jun 26,1.8,3.1,82.6,137,55.0,27.6,-0.2578,10% OTM,0,55,0,0,0,+3.8
MEDCDRCH6A,RHB,CALL,1575,1660,2.0000,16 Mar 26,0.8,6.3,81.2,31,47.1,12.9,-1.2683,5% OTM,0,59,0,0,0,+5.4
MEDCHDCH6A,KGI,CALL,1575,1170,4.8900,31 Mar 26,1.2,2.7,112.0,46,83.5,5.0,-0.3851,26% ITM,10192,99,102,16353,0,+3.1
MEDCZPCQ6A,Maybank,CALL,1575,1700,5.0000,31 Aug 26,1.8,3.5,58.5,199,55.8,23.8,-0.1642,8% OTM,0,50,0,0,0,+4.2
MIKABQCV6A,KISI,CALL,2380,3280,20.0000,30 Oct 26,3.3,1.9,125.8,259,61.2,70.6,-0.1012,38% OTM,0,39,0,0,0,0
MIKADRCV6A,RHB,CALL,2380,3500,7.0000,2 Oct 26,2.0,3.7,64.9,231,35.0,56.5,-0.1611,47% OTM,15000,32,56,3270,1459,-3.0
MIKAHDCN6A,KGI,CALL,2380,2954,10.0000,1 Jul 26,2.5,4.4,63.7,138,39.2,32.9,-0.1467,24% OTM,0,21,0,0,0,-4.5
MIKAZPCG6A,Maybank,CALL,2380,2350,18.0000,27 Feb 26,3.1,9.5,67.4,14,57.4,4.8,-0.2602,1% ITM,0,8,0,0,0,-11.1
MIKAZPCU6A,Maybank,CALL,2380,2650,15.0000,30 Sep 26,2.7,3.3,59.2,229,54.7,27.7,-0.0785,11% OTM,0,26,0,0,0,0
MNCNDRCN6A,RHB,CALL,240,400,1.5000,2 Jul 26,3.1,4.3,81.0,139,24.0,72.3,-0.0962,67% OTM,30000,9,26,30000,0,0
MNCNHDCM6A,KGI,CALL,240,265,2.0000,10 Jun 26,2.1,5.1,53.8,117,46.7,19.6,-0.0725,10% OTM,14294,11,27,3514,10,-8.3
MNCNZPCM6A,Maybank,CALL,240,340,3.0000,30 Jun 26,5.1,4.7,68.2,137,29.1,47.9,-0.0461,42% OTM,15861,5,13,5089,138,0
MTELDRCK6A,RHB,CALL,540,660,6.0000,25 May 26,3.2,4.8,68.3,101,37.7,30.0,-0.0670,22% OTM,24283,7,15,50000,3855,0
MTELHDCM6A,KGI,CALL,540,651,4.0000,10 Jun 26,2.2,5.5,55.8,117,36.4,27.2,-0.0778,21% OTM,13082,9,20,45370,5,+12.5
MTELZPCM6A,Maybank,CALL,540,650,7.0000,30 Jun 26,3.2,4.2,66.4,137,43.1,30.7,-0.0509,20% OTM,5000,8,14,5000,2352,+14.3
MYORDRCK6A,RHB,CALL,2340,2450,6.0000,25 May 26,1.1,4.2,65.9,101,54.3,17.5,-0.3033,5% OTM,30000,50,65,859,628,-3.8
MYORHDCM6A,KGI,CALL,2340,2305,10.0000,10 Jun 26,1.6,3.4,73.9,117,62.2,16.9,-0.1829,1% ITM,35000,43,53,2022,2001,-4.4
MYORZPCH6A,Maybank,CALL,2340,2350,12.0000,31 Mar 26,2.1,5.0,77.9,46,56.4,11.7,-0.2512,0% OTM,0,22,0,0,882,-4.3
MYORZPCU6A,Maybank,CALL,2340,2400,10.0000,30 Sep 26,1.6,3.2,57.7,229,61.4,21.8,-0.1123,3% OTM,0,45,0,0,0,-4.3
NCKLBQCM6A,KISI,CALL,1455,1450,5.0000,30 Jun 26,1.6,3.2,74.8,137,62.0,19.2,-0.2139,0% ITM,10000,57,52,10000,99,+11.8
NCKLDRCH6A,RHB,CALL,1455,1340,2.0000,16 Mar 26,0.6,5.2,76.7,31,69.6,5.6,-1.0125,8% ITM,0,98,0,0,0,+22.5
NCKLDRCK6A,RHB,CALL,1455,1150,6.0000,25 May 26,1.5,2.8,80.3,101,79.5,7.9,-0.1728,21% ITM,50000,70,59,27849,759,+11.1
NCKLHDCK6A,KGI,CALL,1455,1163,4.0000,25 May 26,1.0,2.9,76.8,101,79.2,7.7,-0.2520,20% ITM,22020,101,83,14863,213,+12.2
NCKLHDCQ6A,KGI,CALL,1455,1100,6.0000,13 Aug 26,1.5,2.3,78.2,181,80.5,11.1,-0.1271,24% ITM,0,86,0,0,0,+10.3
NCKLZPCJ6A,Maybank,CALL,1455,800,6.0000,30 Apr 26,1.2,2.1,68.2,76,98.4,1.2,-0.0498,45% ITM,30000,112,84,21855,0,+7.7
NCKLZPCM6A,Maybank,CALL,1455,1350,7.0000,30 Jun 26,2.1,2.9,76.5,137,67.8,15.9,-0.1491,7% ITM,5000,48,41,5000,1,+11.6
PANIBQCJ6A,KISI,CALL,10550,16500,30.0000,30 Apr 26,5.2,4.7,97.5,76,22.9,61.2,-0.3266,56% OTM,0,17,0,0,0,-19.0
PANIBQCQ6A,KISI,CALL,10550,13500,50.0000,31 Aug 26,3.3,2.0,132.1,199,61.1,59.2,-0.2128,28% OTM,0,66,0,0,0,-8.3
PANIDRCN6A,RHB,CALL,10550,16100,35.0000,2 Jul 26,3.6,3.0,105.3,139,39.1,65.5,-0.2890,53% OTM,0,39,0,0,0,-13.3
PANIHDCJ6A,KGI,CALL,10550,17308,29.8664,28 Apr 26,5.9,4.8,100.6,74,20.4,68.3,-0.3196,64% OTM,11774,15,110,11947,1,-16.7
PANIHDCN6A,KGI,CALL,10550,15435,49.7773,1 Jul 26,5.1,3.2,98.1,138,39.1,58.6,-0.1912,46% OTM,0,26,0,0,0,-13.3
PANIYUCV6A,CGS,CALL,10550,21000,25.0000,22 Oct 26,3.5,3.2,82.6,251,28.2,107.8,-0.2135,99% OTM,0,37,0,0,0,-7.5
PANIZPCJ6A,Maybank,CALL,10550,17500,50.0000,30 Apr 26,6.3,3.3,136.0,76,31.7,75.4,-0.3178,66% OTM,0,20,0,0,5964,-9.1
PANIZPCN6A,Maybank,CALL,10550,15000,39.0000,31 Jul 26,3.7,3.1,90.6,168,42.0,55.9,-0.2112,42% OTM,0,37,0,0,0,-11.9
PGASBQCN6A,KISI,CALL,2220,2590,6.0000,31 Jul 26,1.0,2.3,112.1,168,59.1,42.3,-0.3542,17% OTM,0,95,0,0,0,-1.0
PGASDRCN6A,RHB,CALL,2220,2540,2.5000,2 Jul 26,0.5,3.5,75.2,139,50.5,28.8,-0.6660,14% OTM,0,128,0,0,0,-3.0
PGASHDCK6A,KGI,CALL,2220,1968,4.0000,11 May 26,0.5,3.8,62.7,87,73.0,7.7,-0.3925,11% ITM,12934,106,63,21000,0,-2.8
PGASZPCJ6A,Maybank,CALL,2220,1800,6.0000,30 Apr 26,0.7,4.0,48.5,76,87.3,3.0,-0.1686,19% ITM,8000,81,39,14000,0,-2.4
PGASZPCU6A,Maybank,CALL,2220,2100,6.0000,30 Sep 26,0.9,3.2,52.7,229,68.1,15.9,-0.1607,5% ITM,0,79,0,0,0,-1.3
PGEOBQCJ6A,KISI,CALL,1200,1880,6.0000,30 Apr 26,3.7,3.5,128.2,76,32.8,66.2,-0.2891,57% OTM,0,19,0,0,0,0
PGEODRCJ6A,RHB,CALL,1200,1700,7.0000,23 Apr 26,6.1,5.6,83.0,69,23.0,45.8,-0.1436,42% OTM,0,7,0,0,100,+16.7
PGEOHDCH6A,KGI,CALL,1200,1743,5.0000,19 Mar 26,9.2,8.7,87.5,34,10.8,46.5,-0.1806,45% OTM,0,3,0,0,0,0
PGEOHDCH6B,KGI,CALL,1200,1680,5.0000,31 Mar 26,4.8,6.2,93.4,46,20.7,43.3,-0.2570,40% OTM,33000,8,44,4027,0,+14.3
PGEOHDPH6A,KGI,PUT,1200,1181,2.0000,25 Mar 26,1.2,1.3,220.0,40,-34.5,28.4,-1.9264,2% OTM,2736,161,130,10000,1,-15.7
PGEOYUCK6A,CGS,CALL,1200,1390,6.0000,28 May 26,2.2,2.7,116.7,104,54.5,35.8,-0.2534,16% OTM,50000,40,76,2215,0,+2.6
PGEOZPCJ6A,Maybank,CALL,1200,1800,6.0000,30 Apr 26,5.0,4.8,93.2,76,24.2,55.0,-0.1837,50% OTM,24145,10,37,6399,0,0
PGEOZPCM6A,Maybank,CALL,1200,1550,7.0000,30 Jun 26,3.3,3.6,81.0,137,42.0,40.8,-0.1335,29% OTM,5000,20,42,5000,2,+5.3
PNBNBQCQ6A,KISI,CALL,1055,1510,6.0000,31 Aug 26,2.2,2.2,121.9,199,54.1,68.2,-0.1696,43% OTM,0,44,0,0,0,-2.2
PNBNDRCM6A,RHB,CALL,1055,1500,2.5000,10 Jun 26,1.5,4.0,84.9,117,33.2,50.5,-0.3393,42% OTM,0,35,0,0,0,-5.4
PNBNZPCQ6A,Maybank,CALL,1055,1250,6.0000,31 Aug 26,2.5,3.6,62.8,199,48.6,32.1,-0.0960,18% OTM,0,24,0,0,0,-4.0
PNLFBQCM6A,KISI,CALL,280,310,3.0000,30 Jun 26,2.7,2.9,90.9,137,56.1,30.0,-0.0828,11% OTM,38980,18,19,39130,6281,0
PNLFDRCJ6A,RHB,CALL,280,290,4.0000,23 Apr 26,3.7,4.3,79.2,69,54.7,16.4,-0.0760,4% OTM,0,9,0,0,447,0
PNLFHDCN6A,Maybank,CALL,280,272,31.0000,30 Jul 26,15.5,0.3,1000000000000.0,167,100.0,351.4,N/A,3% ITM,0,32,0,0,0,0
PNLFZPCH6A,Maybank,CALL,280,280,2.0000,31 Mar 26,1.7,3.6,113.6,46,59.0,16.4,-0.2524,0% ATM,0,23,0,0,0,0
PTBADRCN6A,RHB,CALL,2540,3050,10.0000,2 Jul 26,2.2,3.9,69.8,139,44.7,31.5,-0.1754,20% OTM,0,29,0,0,0,-3.3
PTBAHDCM6A,KGI,CALL,2540,2417,8.0000,10 Jun 26,1.2,4.2,53.9,117,65.7,10.9,-0.1892,5% ITM,27050,50,50,14652,0,-3.8
PTBAZPCH6A,Maybank,CALL,2540,2650,8.0000,31 Mar 26,1.7,7.2,56.5,46,47.7,10.9,-0.3063,4% OTM,0,21,0,0,486,-8.7
PTBAZPCU6A,Maybank,CALL,2540,2700,12.0000,30 Sep 26,2.1,3.3,58.3,229,58.5,24.3,-0.1032,6% OTM,0,38,0,0,0,-2.6
PTROBQCQ6A,KISI,CALL,7450,10800,40.0000,31 Aug 26,2.7,1.9,146.0,199,59.4,76.6,-0.2077,45% OTM,0,59,0,0,0,+11.3
PTRODRCN6A,RHB,CALL,7450,18600,14.0000,2 Jul 26,2.7,3.3,120.7,139,20.8,156.1,-0.4265,150% OTM,0,34,0,0,0,+21.4
PTROHDCK6A,KGI,CALL,7450,4089,10.0000,11 May 26,0.9,1.9,102.2,87,93.2,2.9,-0.3582,45% ITM,10000,358,396,10000,3108,+14.0
PTROHDCN6A,KGI,CALL,7450,8489,30.0000,14 Jul 26,2.1,2.7,98.3,151,56.6,35.3,-0.2250,14% OTM,0,53,0,0,0,+17.8
PTROYUCK6A,CGS,CALL,7450,5200,10.0000,28 May 26,1.0,1.9,133.1,104,81.5,12.2,-0.7479,30% ITM,2,316,400,4,1011,+12.9
PTROYUCV6A,CGS,CALL,7450,16000,8.0000,22 Oct 26,1.3,3.4,81.5,251,24.0,121.9,-0.4261,115% OTM,0,66,0,0,0,+24.5
PTROZPCK6A,Maybank,CALL,7450,4040,20.0000,25 May 26,0.9,1.9,100.4,101,92.9,3.4,-0.1705,46% ITM,21947,183,199,47845,16568,+13.7
PTROZPCN6A,Maybank,CALL,7450,7250,30.0000,31 Jul 26,1.8,2.2,109.7,168,67.8,28.7,-0.2184,3% ITM,0,78,0,0,0,+14.7
PTROZPCU6A,Maybank,CALL,7450,15000,40.0000,30 Sep 26,6.0,3.3,85.0,229,26.6,109.4,-0.0979,101% OTM,0,15,0,0,0,+15.4
PWONDRCN6A,RHB,CALL,362,510,1.5000,2 Jul 26,2.7,4.9,64.9,139,28.3,46.7,-0.1301,41% OTM,50000,14,32,50000,2143,0
PWONHDCN6A,Maybank,CALL,362,393,2.0000,30 Jul 26,1.8,3.5,64.3,167,54.7,24.0,-0.1099,9% OTM,0,28,0,0,0,0
PWONZPCH6A,Maybank,CALL,362,386,1.9305,31 Mar 26,2.1,6.5,64.9,46,45.4,13.6,-0.2029,7% OTM,0,13,0,0,6609,0
RAJABQCJ6A,KISI,CALL,4940,6753,14.9511,30 Apr 26,4.1,3.8,107.3,76,36.0,46.1,-0.4188,37% OTM,0,31,0,0,0,+40.9
RAJADRCH6ALow On Inventory,RHB,CALL,4940,6700,13.0000,16 Mar 26,5.5,6.0,114.9,31,23.5,39.6,-0.6482,36% OTM,0,15,0,0,0,+25.0
RAJAHDCK6A,KGI,CALL,4940,2990,9.9674,11 May 26,2.2,2.1,102.5,87,90.2,4.1,-0.3001,39% ITM,8759,216,210,415,1579,+21.3
RAJAHDCN6A,KGI,CALL,4940,5889,29.9023,30 Jul 26,5.3,2.5,105.1,167,56.5,42.2,-0.1513,19% OTM,0,38,0,0,0,+22.6
RAJAYUCN6A,CGS,CALL,4940,5000,15.0000,11 May 26,2.3,2.1,160.0,87,65.6,31.9,-0.5709,1% OTM,0,101,0,0,0,+20.2
RAJAYUCV6A,CGS,CALL,4940,10167,9.9674,22 Oct 26,2.5,2.4,112.5,251,40.4,123.0,-0.3835,106% OTM,0,85,0,0,0,+21.4
RAJAZPCK6A,Maybank,CALL,4940,3000,20.0000,25 May 26,2.2,2.1,96.7,101,90.0,4.5,-0.1359,39% ITM,19247,108,106,353,361,+20.0
RAJAZPCQ6A,Maybank,CALL,4940,7600,15.0000,31 Aug 26,3.4,2.7,99.5,199,43.8,70.2,-0.2606,54% OTM,0,54,0,0,0,+28.6
RATUBQCU6A,KISI,CALL,6525,8950,50.0000,30 Sep 26,3.0,1.7,157.8,229,66.1,77.0,-0.1384,37% OTM,0,52,0,0,0,+15.6
RATUDRCM6ALow On Inventory,RHB,CALL,6525,19750,15.0000,10 Jun 26,3.2,3.1,147.4,117,19.0,208.9,-0.4339,203% OTM,0,27,0,0,0,+17.4
RATUHDCQ6A,KGI,CALL,6525,1745,6.0000,13 Aug 26,0.2,155.4,0.0,181,100.0,-72.6,-0.0649,73% ITM,0,7,0,0,0,0
RATUYUCV6A,CGS,CALL,6525,15000,25.0000,22 Oct 26,2.5,2.2,123.0,251,40.2,147.9,-0.2186,130% OTM,0,47,0,0,0,+17.5
RATUZPCQ6A,Maybank,CALL,6525,12500,50.0000,31 Aug 26,6.3,3.0,98.3,199,32.0,102.3,-0.0915,92% OTM,0,14,0,0,0,+27.3
SCMABQCJ6A,KISI,CALL,306,555,2.0000,30 Apr 26,7.2,5.3,97.0,76,13.9,84.0,-0.1028,81% OTM,0,4,0,0,0,0
SCMADRCK6A,RHB,CALL,306,312,0.9757,25 May 26,0.8,3.1,91.2,101,59.8,21.1,-0.3179,2% OTM,23495,60,122,3344,11,+1.7
SCMADRCN6A,RHB,CALL,306,454,1.0000,2 Jul 26,1.6,4.0,80.0,139,31.3,56.2,-0.2093,48% OTM,0,24,0,0,0,0
SCMAHDCK6A,KGI,CALL,306,363,1.9514,25 May 26,2.0,3.4,93.9,101,48.0,32.7,-0.1652,19% OTM,40000,22,53,5919,1550,+4.8
SCMAYUCK6A,CGS,CALL,306,300,1.5000,28 May 26,1.1,2.4,120.9,104,65.2,25.0,-0.2520,2% ITM,15000,55,90,15000,0,+1.9
SCMAZPCG6A,Maybank,CALL,306,161,0.9757,27 Feb 26,0.5,2.0,173.7,14,98.1,0.4,-0.2162,47% ITM,0,150,0,0,0,+1.4
SCMAZPCM6A,Maybank,CALL,306,371,1.9514,30 Jun 26,1.9,3.0,92.9,137,50.1,37.8,-0.1422,21% OTM,5002,26,54,5000,310,+4.0
SCMAZPCQ6A,Maybank,CALL,306,430,3.0000,31 Aug 26,3.3,2.9,88.2,199,45.0,56.2,-0.0731,41% OTM,0,16,0,0,0,0
SIDODRCK6A,RHB,CALL,525,570,4.0000,25 May 26,1.5,3.7,80.8,101,53.0,23.0,-0.1216,9% OTM,50000,19,32,50524,5,0
SIDODRCM6A,RHB,CALL,525,760,2.0000,10 Jun 26,1.6,5.1,69.9,117,25.2,49.7,-0.1539,45% OTM,0,13,0,0,0,0
SIDOHDCN6A,KGI,CALL,525,568,3.8443,1 Jul 26,1.4,3.5,70.9,138,54.4,23.6,-0.0979,8% OTM,0,21,0,0,0,0
SIDOZPCM6A,Maybank,CALL,525,567,5.7664,30 Jun 26,2.2,4.3,57.4,137,51.9,20.1,-0.0550,8% OTM,5300,11,18,5883,0,0
SMGRBQCJ6A,KISI,CALL,2840,3600,12.0000,30 Apr 26,3.5,4.8,82.3,76,34.6,33.9,-0.2307,27% OTM,0,17,0,0,0,+6.3
SMGRDRCN6A,RHB,CALL,2840,3400,7.0000,2 Jul 26,1.6,3.9,70.1,139,45.0,31.3,-0.2816,20% OTM,0,47,0,0,0,+2.2
SMGRHDCN6A,Maybank,CALL,2840,2634,12.0000,30 Jul 26,1.7,2.5,86.1,167,68.7,20.2,-0.1689,7% ITM,0,65,0,0,0,+1.6
SMGRZPCJ6A,Maybank,CALL,2840,2800,12.0000,30 Apr 26,2.0,4.0,76.2,76,60.5,13.8,-0.2334,1% ITM,9429,36,43,12000,500,+2.9
SMRADRCJ6A,RHB,CALL,394,440,3.0000,23 Apr 26,3.6,6.0,61.2,69,41.2,18.5,-0.1092,12% OTM,0,9,0,0,10061,0
SMRAHDCN6A,Maybank,CALL,394,434,2.0000,30 Jul 26,1.8,3.2,73.1,167,55.2,27.4,-0.1327,10% OTM,0,34,0,0,0,-2.9
SMRAZPCH6A,Maybank,CALL,394,400,2.0000,31 Mar 26,1.8,5.4,73.3,46,54.5,11.7,-0.2411,2% OTM,0,20,0,0,10,-4.8
SRTGDRCK6A,RHB,CALL,1695,2100,6.0000,25 May 26,2.6,3.3,99.7,101,46.0,37.7,-0.3122,24% OTM,16081,39,66,1090,0,-7.1
SRTGHDCK6A,KGI,CALL,1695,2062,4.0000,11 May 26,2.1,4.8,73.4,87,37.8,29.4,-0.3612,22% OTM,9750,33,65,1321,39,-10.8
SRTGYUCN6A,CGS,CALL,1695,1800,5.0000,11 May 26,1.7,2.7,121.6,87,59.1,28.0,-0.4787,6% OTM,0,74,0,0,0,-5.1
SRTGZPCG6A,Maybank,CALL,1695,1750,6.0000,27 Feb 26,2.5,6.9,106.9,14,48.7,10.3,-0.8693,3% OTM,0,20,0,0,0,-13.0
SRTGZPCK6A,Maybank,CALL,1695,2400,10.0000,25 May 26,5.7,3.7,97.3,101,35.3,51.0,-0.1697,42% OTM,32230,16,31,5000,58,-5.9
TAPGBQCQ6A,KISI,CALL,1480,2050,10.0000,31 Aug 26,3.4,1.9,137.1,199,59.1,68.9,-0.1562,39% OTM,0,45,0,0,0,0
TAPGDRCJ6A,RHB,CALL,1480,1136,5.6770,23 Apr 26,1.2,3.6,49.6,69,92.0,2.1,-0.1008,23% ITM,0,66,0,0,0,-2.9
TAPGHDCH6A,KGI,CALL,1480,1181,2.8400,17 Mar 26,0.7,3.6,91.9,32,84.0,3.2,-0.6134,20% ITM,0,122,0,0,11,-3.2
TAPGZPCH6A,Maybank,CALL,1480,994,5.6770,31 Mar 26,1.2,2.9,61.1,46,97.7,0.9,-0.0724,33% ITM,0,88,0,0,12,-2.2
TAPGZPCM6A,Maybank,CALL,1480,1846,7.7714,30 Jun 26,4.2,4.7,60.6,137,37.3,32.6,-0.1107,25% OTM,5000,15,53,5001,42,-6.3
TKIMDRCN6A,RHB,CALL,7300,8800,17.0000,2 Jul 26,1.4,3.4,79.9,139,47.3,34.3,-0.3366,21% OTM,5000,59,85,3613,0,+5.4
TKIMHDCJ6A,KGI,CALL,7300,7593,20.0000,28 Apr 26,1.5,5.1,63.5,74,52.6,14.4,-0.3166,4% OTM,10516,38,62,6343,0,+5.6
TKIMZPCG6A,Maybank,CALL,7300,6100,20.0000,27 Feb 26,0.9,4.9,86.4,14,87.8,1.4,-0.5057,16% ITM,0,65,0,0,2,+10.2
TKIMZPCK6A,Maybank,CALL,7300,8650,45.0000,25 May 26,4.1,4.2,76.7,101,43.6,29.0,-0.1401,18% OTM,22232,17,28,20569,81,+6.3
TLKMBQCG6A,KISI,CALL,3480,3540,8.0000,27 Feb 26,1.6,8.7,81.7,14,49.7,7.5,-1.0361,2% OTM,47880,25,50,47880,0,0
TLKMBQCJ6A,KISI,CALL,3480,3600,10.0000,30 Apr 26,1.8,4.3,73.6,76,54.8,16.1,-0.3387,3% OTM,10000,44,53,10000,58,+2.3
TLKMBQCN6A,KISI,CALL,3480,4560,12.0000,31 Jul 26,2.9,3.6,72.9,168,41.3,42.4,-0.1865,31% OTM,0,33,0,0,0,-2.9
TLKMDRCJ6A,RHB,CALL,3480,3050,10.0000,23 Apr 26,1.4,3.8,70.8,69,73.7,7.2,-0.2969,12% ITM,0,68,0,0,507,+1.5
TLKMDRCM6A,RHB,CALL,3480,5150,4.0000,10 Jun 26,1.5,4.7,75.4,117,26.1,53.5,-0.5575,48% OTM,0,48,0,0,0,+2.1
TLKMDRCX6A,RHB,CALL,3480,1576,0.9270,26 Nov 26,1.0,1.6,70.4,286,95.5,4.4,-0.7084,55% ITM,0,2220,0,0,0,+0.9
TLKMHDCJ6A,KGI,CALL,3480,3577,6.0000,14 Apr 26,1.2,7.5,45.4,60,50.7,9.5,-0.4144,3% OTM,16000,39,48,16000,194,+2.6
TLKMYUCK6A,CGS,CALL,3480,3200,8.0000,28 May 26,1.2,2.8,92.9,104,67.9,16.1,-0.4157,8% ITM,20000,105,107,20000,2,+1.9
TLKMZPCM6A,Maybank,CALL,3480,3400,13.0000,30 Jun 26,2.1,3.7,60.7,137,63.1,14.9,-0.1656,2% ITM,5000,46,46,5000,102,+2.2
TOWRDRCN6A,RHB,CALL,525,800,3.5000,2 Jul 26,2.8,4.7,70.7,139,25.1,57.7,-0.0818,52% OTM,50284,8,19,50000,2345,0
TOWRHDCK6A,KGI,CALL,525,648,2.9629,11 May 26,1.8,5.8,63.8,87,32.5,29.1,-0.1252,23% OTM,50010,10,24,50000,3333,0
UNTRDRCX6A,RHB,CALL,29125,47250,20.0000,26 Nov 26,2.4,3.5,65.2,286,33.2,71.8,-0.6138,62% OTM,0,139,0,0,0,+11.2
UNTRHDCM6A,KGI,CALL,29125,27177,29.3356,10 Jun 26,1.7,4.1,53.3,117,68.1,9.9,-0.5765,7% ITM,6303,165,174,10000,0,+13.8
UNTRZPCJ6A,Maybank,CALL,29125,26402,32.2691,30 Apr 26,1.8,4.3,59.0,76,71.4,7.2,-0.6591,9% ITM,0,149,0,0,3,+12.9
UNVRBQCG6A,KISI,CALL,2290,2765,7.7354,27 Feb 26,5.7,13.4,80.4,14,13.6,21.8,-0.3719,21% OTM,0,3,0,0,0,0
UNVRBQCH6A,KISI,CALL,2290,3450,10.0000,31 Mar 26,7.8,7.3,87.2,46,12.8,52.4,-0.1675,51% OTM,0,4,0,0,0,+33.3
UNVRBQCK6A,KISI,CALL,2290,2891,9.6692,29 May 26,2.2,3.3,99.1,105,44.9,39.8,-0.2545,26% OTM,0,32,0,0,0,+3.2
UNVRDRCX6A,RHB,CALL,2290,3480,5.0000,26 Nov 26,1.3,3.4,65.1,286,37.3,63.1,-0.2027,52% OTM,0,51,0,0,0,+2.0
UNVRHDCM6A,KGI,CALL,2290,1925,4.8346,10 Jun 26,0.6,2.9,74.7,117,75.4,10.0,-0.3241,16% ITM,18000,123,110,13460,0,+2.5
UNVRYUCV6A,CGS,CALL,2290,2700,6.0000,22 Oct 26,1.0,2.3,92.4,251,59.7,44.1,-0.2554,18% OTM,0,100,0,0,0,+1.0
UNVRZPCH6A,Maybank,CALL,2290,1499,9.6692,31 Mar 26,1.0,2.7,80.8,46,95.1,1.3,-0.1073,35% ITM,0,85,0,0,162,+2.4
UNVRZPCM6A,Maybank,CALL,2290,1934,6.7864,30 Jun 26,0.9,3.2,60.2,137,76.7,8.8,-0.1802,16% ITM,5000,82,68,5000,0,+2.5
UNVRZPCU6A,Maybank,CALL,2290,3000,8.0000,30 Sep 26,1.9,3.5,63.8,229,43.0,43.2,-0.1445,31% OTM,0,35,0,0,0,+2.9
WIFIBQCN6A,KISI,CALL,2460,3680,16.0000,31 Jul 26,3.0,2.1,139.3,168,53.5,75.0,-0.1820,50% OTM,0,39,0,0,0,+2.6
WIFIDRCM6A,RHB,CALL,2460,4900,5.0000,10 Jun 26,2.2,3.6,110.6,117,22.8,105.5,-0.4170,99% OTM,0,31,0,0,0,+3.3
WIFIHDCQ6A,KGI,CALL,2460,4334,15.0000,13 Aug 26,4.6,3.1,94.8,181,32.6,86.5,-0.1175,76% OTM,0,17,0,0,0,+6.3
WIFIYUCV6A,CGS,CALL,2460,4700,15.0000,22 Oct 26,2.8,1.9,142.0,251,53.5,119.7,-0.1624,91% OTM,0,47,0,0,0,+4.4
WIFIZPCQ6A,Maybank,CALL,2460,4200,15.0000,31 Aug 26,4.2,3.0,94.1,199,36.1,82.9,-0.1164,71% OTM,0,20,0,0,0,+5.3
