No,Halaman,Tanggal,Waktu,TanggalWaktu,KodeEmiten,NamaEmiten,Judul,JudulFull,LinkUtama,JumlahLampiran,LampiranData,ScrapedAt
1,1,2026-02-10,23:01:25,2026-02-10 23:01:25,BSML,BSML,Laporan Bulanan Registrasi Pemegang Efek,Laporan Bulanan Registrasi Pemegang Efek [BSML ],https://www.idx.co.id/StaticData/NewsAndAnnouncement/ANNOUNCEMENTSTOCK/From_EREP/202602/d2aa0a0f23_c289dfa747.pdf,0,[],2026-02-10T23:14:08.927809
2,1,2026-02-10,23:01:18,2026-02-10 23:01:18,DADA,DADA,Laporan Bulanan Registrasi Pemegang Efek,Laporan Bulanan Registrasi Pemegang Efek [DADA ],https://www.idx.co.id/StaticData/NewsAndAnnouncement/ANNOUNCEMENTSTOCK/From_EREP/202602/26a0d53583_0857dd23dd.pdf,2,"[{""text"": ""20260210_DADA_Laporan Bulanan Registrasi Pemegang Efek//Perubahan Struktur Pemegang Saham_32026816_lamp1.pdf"", ""link"": ""https://www.idx.co.id/StaticData/NewsAndAnnouncement/ANNOUNCEMENTSTOCK/From_EREP/202602/5029fd1020_b7884ca6e5.pdf"", ""filename"": ""20260210_DADA_Laporan Bulanan Registrasi Pemegang Efek//Perubahan Struktur Pemegang Saham_32026816_lamp1.pdf""}, {""text"": ""20260210_DADA_Laporan Bulanan Registrasi Pemegang Efek//Perubahan Struktur Pemegang Saham_32026816_lamp2.pdf"", ""link"": ""https://www.idx.co.id/StaticData/NewsAndAnnouncement/ANNOUNCEMENTSTOCK/From_EREP/202602/61b824c60a_6522fda303.pdf"", ""filename"": ""20260210_DADA_Laporan Bulanan Registrasi Pemegang Efek//Perubahan Struktur Pemegang Saham_32026816_lamp2.pdf""}]",2026-02-10T23:14:09.003530
3,1,2026-02-10,22:48:25,2026-02-10 22:48:25,BABY,BABY,Penyampaian Informasi rencana Transaksi material - Rencana Transaksi Material Dengan Persetujuan RUPS,Penyampaian Informasi rencana Transaksi material - Rencana Transaksi Material Dengan Persetujuan RUPS [BABY ],https://www.idx.co.id/StaticData/NewsAndAnnouncement/ANNOUNCEMENTSTOCK/From_EREP/202602/76123c64df_f834484774.pdf,2,"[{""text"": ""20260210_BABY_Perubahan dan//atau Tambahan Keterbukaan Informasi terkait Aksi Korporasi_32026817_lamp2.pdf"", ""link"": ""https://www.idx.co.id/StaticData/NewsAndAnnouncement/ANNOUNCEMENTSTOCK/From_EREP/202602/952d3653bf_3dbce4fbd4.pdf"", ""filename"": ""20260210_BABY_Perubahan dan//atau Tambahan Keterbukaan Informasi terkait Aksi Korporasi_32026817_lamp2.pdf""}, {""text"": ""20260210_BABY_Perubahan dan//atau Tambahan Keterbukaan Informasi terkait Aksi Korporasi_32026817_lamp1.pdf"", ""link"": ""https://www.idx.co.id/StaticData/NewsAndAnnouncement/ANNOUNCEMENTSTOCK/From_EREP/202602/bb8d9af721_bbd339aea4.pdf"", ""filename"": ""20260210_BABY_Perubahan dan//atau Tambahan Keterbukaan Informasi terkait Aksi Korporasi_32026817_lamp1.pdf""}]",2026-02-10T23:14:09.097094
4,1,2026-02-10,22:44:41,2026-02-10 22:44:41,RAFI,RAFI,Laporan Bulanan Registrasi Pemegang Efek,Laporan Bulanan Registrasi Pemegang Efek [RAFI ],https://www.idx.co.id/StaticData/NewsAndAnnouncement/ANNOUNCEMENTSTOCK/From_EREP/202602/e22dd57b68_bfc51dc547.pdf,1,"[{""text"": ""20260210_RAFI_Laporan Bulanan Registrasi Pemegang Efek//Perubahan Struktur Pemegang Saham_32026811_lamp1.pdf"", ""link"": ""https://www.idx.co.id/StaticData/NewsAndAnnouncement/ANNOUNCEMENTSTOCK/From_EREP/202602/9a7222847b_92470b3ebc.pdf"", ""filename"": ""20260210_RAFI_Laporan Bulanan Registrasi Pemegang Efek//Perubahan Struktur Pemegang Saham_32026811_lamp1.pdf""}]",2026-02-10T23:14:09.171875
5,1,2026-02-10,22:17:24,2026-02-10 22:17:24,BEER,BEER,Laporan Bulanan Registrasi Pemegang Efek,Laporan Bulanan Registrasi Pemegang Efek [BEER ],https://www.idx.co.id/StaticData/NewsAndAnnouncement/ANNOUNCEMENTSTOCK/From_EREP/202602/ceb2efc893_8a7844fc99.pdf,1,"[{""text"": ""20260210_BEER_Laporan Bulanan Registrasi Pemegang Efek//Perubahan Struktur Pemegang Saham_32026809_lamp1.pdf"", ""link"": ""https://www.idx.co.id/StaticData/NewsAndAnnouncement/ANNOUNCEMENTSTOCK/From_EREP/202602/ec98f6e456_81de15d9f4.pdf"", ""filename"": ""20260210_BEER_Laporan Bulanan Registrasi Pemegang Efek//Perubahan Struktur Pemegang Saham_32026809_lamp1.pdf""}]",2026-02-10T23:14:09.237932
6,1,2026-02-10,22:17:14,2026-02-10 22:17:14,BUKA,BUKA,Penjelasan atas Permintaan Penjelasan Bursa,Penjelasan atas Permintaan Penjelasan Bursa [BUKA ],https://www.idx.co.id/StaticData/NewsAndAnnouncement/ANNOUNCEMENTSTOCK/From_EREP/202602/ce23b56c93_edea120763.pdf,1,"[{""text"": ""20260210_BUKA_Tanggapan atas Permintaan Penjelasan Bursa_32026812_lamp1.pdf"", ""link"": ""https://www.idx.co.id/StaticData/NewsAndAnnouncement/ANNOUNCEMENTSTOCK/From_EREP/202602/e7baa96499_868c57893c.pdf"", ""filename"": ""20260210_BUKA_Tanggapan atas Permintaan Penjelasan Bursa_32026812_lamp1.pdf""}]",2026-02-10T23:14:09.294969
7,1,2026-02-10,22:12:32,2026-02-10 22:12:32,SQMI,SQMI,Laporan Bulanan Registrasi Pemegang Efek,Laporan Bulanan Registrasi Pemegang Efek [SQMI ],https://www.idx.co.id/StaticData/NewsAndAnnouncement/ANNOUNCEMENTSTOCK/From_EREP/202602/71def76a3b_381a253f80.pdf,1,"[{""text"": ""20260205_SQMI_Laporan Bulanan Registrasi Pemegang Efek//Perubahan Struktur Pemegang Saham_32025124_lamp1.pdf"", ""link"": ""https://www.idx.co.id/StaticData/NewsAndAnnouncement/ANNOUNCEMENTSTOCK/From_EREP/202602/ce13453414_7aac132312.pdf"", ""filename"": ""20260205_SQMI_Laporan Bulanan Registrasi Pemegang Efek//Perubahan Struktur Pemegang Saham_32025124_lamp1.pdf""}]",2026-02-10T23:14:09.337069
8,1,2026-02-10,22:06:48,2026-02-10 22:06:48,BTPN,BTPN,Laporan Bulanan Registrasi Pemegang Efek (KOREKSI),Laporan Bulanan Registrasi Pemegang Efek (KOREKSI) [BTPN ],https://www.idx.co.id/StaticData/NewsAndAnnouncement/ANNOUNCEMENTSTOCK/From_EREP/202602/559b616112_3756c76e3b.pdf,2,"[{""text"": ""20260210_BTPN_Laporan Bulanan Registrasi Pemegang Efek//Perubahan Struktur Pemegang Saham_32026736_lamp1.pdf"", ""link"": ""https://www.idx.co.id/StaticData/NewsAndAnnouncement/ANNOUNCEMENTSTOCK/From_EREP/202602/731f4edb18_932ad280e0.pdf"", ""filename"": ""20260210_BTPN_Laporan Bulanan Registrasi Pemegang Efek//Perubahan Struktur Pemegang Saham_32026736_lamp1.pdf""}, {""text"": ""20260210_BTPN_Laporan Bulanan Registrasi Pemegang Efek//Perubahan Struktur Pemegang Saham_32026736_lamp2.pdf"", ""link"": ""https://www.idx.co.id/StaticData/NewsAndAnnouncement/ANNOUNCEMENTSTOCK/From_EREP/202602/dd0f27ce4f_b3a73507f9.pdf"", ""filename"": ""20260210_BTPN_Laporan Bulanan Registrasi Pemegang Efek//Perubahan Struktur Pemegang Saham_32026736_lamp2.pdf""}]",2026-02-10T23:14:09.413495
9,1,2026-02-10,21:41:07,2026-02-10 21:41:07,MEDS,MEDS,Transaksi Jual Beli Saham,Transaksi Jual Beli Saham [MEDS ],https://www.idx.co.id/StaticData/NewsAndAnnouncement/ANNOUNCEMENTSTOCK/From_EREP/202602/9ac35ce3aa_95e22f441c.pdf,1,"[{""text"": ""20260210_MEDS_Laporan Informasi dan Fakta Material_32026656_lamp1.pdf"", ""link"": ""https://www.idx.co.id/StaticData/NewsAndAnnouncement/ANNOUNCEMENTSTOCK/From_EREP/202602/9f9148e619_e0c5ec692f.pdf"", ""filename"": ""20260210_MEDS_Laporan Informasi dan Fakta Material_32026656_lamp1.pdf""}]",2026-02-10T23:14:09.467654
10,1,2026-02-10,21:21:27,2026-02-10 21:21:27,PTIS,PTIS,Laporan Bulanan Registrasi Pemegang Efek,Laporan Bulanan Registrasi Pemegang Efek [PTIS ],https://www.idx.co.id/StaticData/NewsAndAnnouncement/ANNOUNCEMENTSTOCK/From_EREP/202602/fa06ea3e49_6245537662.pdf,1,"[{""text"": ""20260210_PTIS_Laporan Bulanan Registrasi Pemegang Efek//Perubahan Struktur Pemegang Saham_32026808_lamp1.pdf"", ""link"": ""https://www.idx.co.id/StaticData/NewsAndAnnouncement/ANNOUNCEMENTSTOCK/From_EREP/202602/abe1cc1abe_b66f827abb.pdf"", ""filename"": ""20260210_PTIS_Laporan Bulanan Registrasi Pemegang Efek//Perubahan Struktur Pemegang Saham_32026808_lamp1.pdf""}]",2026-02-10T23:14:09.507000
11,2,2026-02-10,20:36:46,2026-02-10 20:36:46,DEWI,DEWI,Laporan Bulanan Registrasi Pemegang Efek,Laporan Bulanan Registrasi Pemegang Efek [DEWI ],https://www.idx.co.id/StaticData/NewsAndAnnouncement/ANNOUNCEMENTSTOCK/From_EREP/202602/084d81c4e9_1caec69391.pdf,1,"[{""text"": ""20260210_DEWI_Laporan Bulanan Registrasi Pemegang Efek//Perubahan Struktur Pemegang Saham_32026804_lamp1.pdf"", ""link"": ""https://www.idx.co.id/StaticData/NewsAndAnnouncement/ANNOUNCEMENTSTOCK/From_EREP/202602/da1b191068_9683ec041f.pdf"", ""filename"": ""20260210_DEWI_Laporan Bulanan Registrasi Pemegang Efek//Perubahan Struktur Pemegang Saham_32026804_lamp1.pdf""}]",2026-02-10T23:14:15.954628
12,2,2026-02-10,20:20:23,2026-02-10 20:20:23,XPIN,XPIN,Laporan Harian atas Nilai Aktiva Bersih dan Komposisi Portofolio,Laporan Harian atas Nilai Aktiva Bersih dan Komposisi Portofolio [XPIN ],https://www.idx.co.id/StaticData/NewsAndAnnouncement/ANNOUNCEMENTSTOCK/From_EREP/202602/00029a87c5_125bd4bc08.pdf,3,"[{""text"": ""20260210_XPIN_Laporan Harian atas Nilai Aktiva Bersih dan Komposisi Portofolio_32026797_lamp3.xlsx"", ""link"": ""https://www.idx.co.id/StaticData/NewsAndAnnouncement/ANNOUNCEMENTSTOCK/From_INAV/202602/367a8947e5_dc83a06cd3.xlsx"", ""filename"": ""20260210_XPIN_Laporan Harian atas Nilai Aktiva Bersih dan Komposisi Portofolio_32026797_lamp3.xlsx""}, {""text"": ""20260210_XPIN_Laporan Harian atas Nilai Aktiva Bersih dan Komposisi Portofolio_32026797_lamp2.pdf"", ""link"": ""https://www.idx.co.id/StaticData/NewsAndAnnouncement/ANNOUNCEMENTSTOCK/From_EREP/202602/776f4a1012_a9f7b2a1dd.pdf"", ""filename"": ""20260210_XPIN_Laporan Harian atas Nilai Aktiva Bersih dan Komposisi Portofolio_32026797_lamp2.pdf""}, {""text"": ""20260210_XPIN_Laporan Harian atas Nilai Aktiva Bersih dan Komposisi Portofolio_32026797_lamp1.pdf"", ""link"": ""https://www.idx.co.id/StaticData/NewsAndAnnouncement/ANNOUNCEMENTSTOCK/From_EREP/202602/a2d3bddaaa_59897f7135.pdf"", ""filename"": ""20260210_XPIN_Laporan Harian atas Nilai Aktiva Bersih dan Komposisi Portofolio_32026797_lamp1.pdf""}]",2026-02-10T23:14:16.023043
13,2,2026-02-10,20:19:17,2026-02-10 20:19:17,XBIN,XBIN,Laporan Harian atas Nilai Aktiva Bersih dan Komposisi Portofolio,Laporan Harian atas Nilai Aktiva Bersih dan Komposisi Portofolio [XBIN ],https://www.idx.co.id/StaticData/NewsAndAnnouncement/ANNOUNCEMENTSTOCK/From_EREP/202602/92c1635c99_d14d7cfbbe.pdf,3,"[{""text"": ""20260210_XBIN_Laporan Harian atas Nilai Aktiva Bersih dan Komposisi Portofolio_32026796_lamp3.xlsx"", ""link"": ""https://www.idx.co.id/StaticData/NewsAndAnnouncement/ANNOUNCEMENTSTOCK/From_INAV/202602/0a706021ac_3087116947.xlsx"", ""filename"": ""20260210_XBIN_Laporan Harian atas Nilai Aktiva Bersih dan Komposisi Portofolio_32026796_lamp3.xlsx""}, {""text"": ""20260210_XBIN_Laporan Harian atas Nilai Aktiva Bersih dan Komposisi Portofolio_32026796_lamp2.pdf"", ""link"": ""https://www.idx.co.id/StaticData/NewsAndAnnouncement/ANNOUNCEMENTSTOCK/From_EREP/202602/7e60c629ee_6610859dfc.pdf"", ""filename"": ""20260210_XBIN_Laporan Harian atas Nilai Aktiva Bersih dan Komposisi Portofolio_32026796_lamp2.pdf""}, {""text"": ""20260210_XBIN_Laporan Harian atas Nilai Aktiva Bersih dan Komposisi Portofolio_32026796_lamp1.pdf"", ""link"": ""https://www.idx.co.id/StaticData/NewsAndAnnouncement/ANNOUNCEMENTSTOCK/From_EREP/202602/fcec220e55_35411df4f1.pdf"", ""filename"": ""20260210_XBIN_Laporan Harian atas Nilai Aktiva Bersih dan Komposisi Portofolio_32026796_lamp1.pdf""}]",2026-02-10T23:14:16.082163
14,2,2026-02-10,20:18:42,2026-02-10 20:18:42,,,Laporan Harian atas Nilai Aktiva Bersih dan Komposisi Portofolio [R-ABFII ],Laporan Harian atas Nilai Aktiva Bersih dan Komposisi Portofolio [R-ABFII ],https://www.idx.co.id/StaticData/NewsAndAnnouncement/ANNOUNCEMENTSTOCK/From_EREP/202602/41b70880b7_88483df1f1.pdf,2,"[{""text"": ""20260210_R-ABFII_Laporan Harian atas Nilai Aktiva Bersih dan Komposisi Portofolio_32026798_lamp1.pdf"", ""link"": ""https://www.idx.co.id/StaticData/NewsAndAnnouncement/ANNOUNCEMENTSTOCK/From_EREP/202602/3ceab5bd9c_b3e6476133.pdf"", ""filename"": ""20260210_R-ABFII_Laporan Harian atas Nilai Aktiva Bersih dan Komposisi Portofolio_32026798_lamp1.pdf""}, {""text"": ""20260210_R-ABFII_Laporan Harian atas Nilai Aktiva Bersih dan Komposisi Portofolio_32026798_lamp2.xlsx"", ""link"": ""https://www.idx.co.id/StaticData/NewsAndAnnouncement/ANNOUNCEMENTSTOCK/From_INAV/202602/49ece545a5_14d3e68ed6.xlsx"", ""filename"": ""20260210_R-ABFII_Laporan Harian atas Nilai Aktiva Bersih dan Komposisi Portofolio_32026798_lamp2.xlsx""}]",2026-02-10T23:14:16.137100
15,2,2026-02-10,20:03:30,2026-02-10 20:03:30,ASMI,ASMI,Laporan Bulanan Registrasi Pemegang Efek,Laporan Bulanan Registrasi Pemegang Efek [ASMI ],https://www.idx.co.id/StaticData/NewsAndAnnouncement/ANNOUNCEMENTSTOCK/From_EREP/202602/ccc9f50ef7_ce44cf817d.pdf,1,"[{""text"": ""20260210_ASMI_Laporan Bulanan Registrasi Pemegang Efek//Perubahan Struktur Pemegang Saham_32026795_lamp1.pdf"", ""link"": ""https://www.idx.co.id/StaticData/NewsAndAnnouncement/ANNOUNCEMENTSTOCK/From_EREP/202602/03f1d7d13a_2f48f23ef1.pdf"", ""filename"": ""20260210_ASMI_Laporan Bulanan Registrasi Pemegang Efek//Perubahan Struktur Pemegang Saham_32026795_lamp1.pdf""}]",2026-02-10T23:14:16.171124
16,2,2026-02-10,19:57:30,2026-02-10 19:57:30,JRPT,JRPT,Laporan Bulanan Registrasi Pemegang Efek,Laporan Bulanan Registrasi Pemegang Efek [JRPT ],https://www.idx.co.id/StaticData/NewsAndAnnouncement/ANNOUNCEMENTSTOCK/From_EREP/202602/a82e7ea2f2_b6621a766b.pdf,1,"[{""text"": ""20260210_JRPT_Laporan Bulanan Registrasi Pemegang Efek//Perubahan Struktur Pemegang Saham_32026545_lamp1.pdf"", ""link"": ""https://www.idx.co.id/StaticData/NewsAndAnnouncement/ANNOUNCEMENTSTOCK/From_EREP/202602/06aa605590_9e0765f3ca.pdf"", ""filename"": ""20260210_JRPT_Laporan Bulanan Registrasi Pemegang Efek//Perubahan Struktur Pemegang Saham_32026545_lamp1.pdf""}]",2026-02-10T23:14:16.206256
17,2,2026-02-10,19:55:36,2026-02-10 19:55:36,XISI,XISI,Pengumuman Bursa Pencatatan Tambahan ETF,Pengumuman Bursa Pencatatan Tambahan ETF [XISI ],https://www.idx.co.id/StaticData/NewsAndAnnouncement/ANNOUNCEMENTSTOCK/From_EREP/202602/05d28bf981_847339b75c.pdf,1,"[{""text"": ""20260210_XISI_Pencatatan Awal//Tambahan ETF_32026614_lamp1.pdf"", ""link"": ""https://www.idx.co.id/StaticData/NewsAndAnnouncement/ANNOUNCEMENTSTOCK/From_EREP/202602/caf662c619_dcaf64afca.pdf"", ""filename"": ""20260210_XISI_Pencatatan Awal//Tambahan ETF_32026614_lamp1.pdf""}]",2026-02-10T23:14:16.237532
18,2,2026-02-10,19:54:08,2026-02-10 19:54:08,HALO,HALO,Pencatatan Saham,Pencatatan Saham [HALO ],https://www.idx.co.id/StaticData/NewsAndAnnouncement/ANNOUNCEMENTSTOCK/From_EREP/202602/e4397f5342_dc736290ac.pdf,1,"[{""text"": ""20260210_HALO_Pencatatan Saham Tambahan dari Konversi_32026595_lamp1.pdf"", ""link"": ""https://www.idx.co.id/StaticData/NewsAndAnnouncement/ANNOUNCEMENTSTOCK/From_EREP/202602/fa04c6c4a6_cfeebae0d6.pdf"", ""filename"": ""20260210_HALO_Pencatatan Saham Tambahan dari Konversi_32026595_lamp1.pdf""}]",2026-02-10T23:14:16.269934
19,2,2026-02-10,19:52:53,2026-02-10 19:52:53,ISAP,ISAP,Pencatatan Saham,Pencatatan Saham [ISAP ],https://www.idx.co.id/StaticData/NewsAndAnnouncement/ANNOUNCEMENTSTOCK/From_EREP/202602/df2f761506_7cc3b7aea1.pdf,1,"[{""text"": ""20260210_ISAP_Pencatatan Saham Tambahan dari Konversi_32026576_lamp1.pdf"", ""link"": ""https://www.idx.co.id/StaticData/NewsAndAnnouncement/ANNOUNCEMENTSTOCK/From_EREP/202602/781c2aa9d5_f7896985c2.pdf"", ""filename"": ""20260210_ISAP_Pencatatan Saham Tambahan dari Konversi_32026576_lamp1.pdf""}]",2026-02-10T23:14:16.304362
20,2,2026-02-10,19:51:39,2026-02-10 19:51:39,SMMF,SMMF,Jatuh Tempo Obligasi / Sukuk Korporasi,Jatuh Tempo Obligasi / Sukuk Korporasi [SMMF ],https://www.idx.co.id/StaticData/NewsAndAnnouncement/ANNOUNCEMENTSTOCK/From_EREP/202602/896fa5820d_8feea531d8.pdf,2,"[{""text"": ""20260210_SMMF_Pengumuman Jatuh Tempo Obligasi dan Sukuk_32026606_lamp1.pdf"", ""link"": ""https://www.idx.co.id/StaticData/NewsAndAnnouncement/ANNOUNCEMENTSTOCK/From_EREP/202602/7552f76dae_7e6874b7f8.pdf"", ""filename"": ""20260210_SMMF_Pengumuman Jatuh Tempo Obligasi dan Sukuk_32026606_lamp1.pdf""}, {""text"": ""20260210_SMMF_Pengumuman Jatuh Tempo Obligasi dan Sukuk_32026606_lamp2.pdf"", ""link"": ""https://www.idx.co.id/StaticData/NewsAndAnnouncement/ANNOUNCEMENTSTOCK/From_EREP/202602/b10bc7585a_30b5eb1b5a.pdf"", ""filename"": ""20260210_SMMF_Pengumuman Jatuh Tempo Obligasi dan Sukuk_32026606_lamp2.pdf""}]",2026-02-10T23:14:16.345504
21,3,2026-02-10,19:51:04,2026-02-10 19:51:04,XIPB,XIPB,Pengumuman Bursa Pencatatan Tambahan ETF,Pengumuman Bursa Pencatatan Tambahan ETF [XIPB ],https://www.idx.co.id/StaticData/NewsAndAnnouncement/ANNOUNCEMENTSTOCK/From_EREP/202602/171ede50a5_d44afe3cf9.pdf,1,"[{""text"": ""20260210_XIPB_Pencatatan Awal//Tambahan ETF_32026464_lamp1.pdf"", ""link"": ""https://www.idx.co.id/StaticData/NewsAndAnnouncement/ANNOUNCEMENTSTOCK/From_EREP/202602/5d4d9effa5_eb4aad4afc.pdf"", ""filename"": ""20260210_XIPB_Pencatatan Awal//Tambahan ETF_32026464_lamp1.pdf""}]",2026-02-10T23:14:22.714851
22,3,2026-02-10,19:50:45,2026-02-10 19:50:45,XKMS,XKMS,Pengumuman Bursa Pencatatan Tambahan ETF,Pengumuman Bursa Pencatatan Tambahan ETF [XKMS ],https://www.idx.co.id/StaticData/NewsAndAnnouncement/ANNOUNCEMENTSTOCK/From_EREP/202602/7bdcc4e284_0cc112c6dc.pdf,2,"[{""text"": ""20260210_XKMS_Pencatatan Awal//Tambahan ETF_32026589_lamp2.pdf"", ""link"": ""https://www.idx.co.id/StaticData/NewsAndAnnouncement/ANNOUNCEMENTSTOCK/From_EREP/202602/98913fbe1f_30c5552a01.pdf"", ""filename"": ""20260210_XKMS_Pencatatan Awal//Tambahan ETF_32026589_lamp2.pdf""}, {""text"": ""20260210_XKMS_Pencatatan Awal//Tambahan ETF_32026589_lamp1.pdf"", ""link"": ""https://www.idx.co.id/StaticData/NewsAndAnnouncement/ANNOUNCEMENTSTOCK/From_EREP/202602/ceb93221dd_7e872f793d.pdf"", ""filename"": ""20260210_XKMS_Pencatatan Awal//Tambahan ETF_32026589_lamp1.pdf""}]",2026-02-10T23:14:22.760627
23,3,2026-02-10,19:47:46,2026-02-10 19:47:46,ISAT,ISAT,Kesiapan Pembayaran Obligasi Berkelanjutan Berkelanjutan III Indosat Tahap I Tahun 2019 Seri D dan Sukuk Ijarah Berkelanjutan III Indosat Tahap I Tahun 2019 Seri D,Kesiapan Pembayaran Obligasi Berkelanjutan Berkelanjutan III Indosat Tahap I Tahun 2019 Seri D dan Sukuk Ijarah Berkelanjutan III Indosat Tahap I Tahun 2019 Seri D [ISAT ],https://www.idx.co.id/StaticData/NewsAndAnnouncement/ANNOUNCEMENTSTOCK/From_EREP/202602/16732669b0_fd8af22aa2.pdf,1,"[{""text"": ""20260210_ISAT_Laporan Informasi dan Fakta Material_32026688_lamp1.pdf"", ""link"": ""https://www.idx.co.id/StaticData/NewsAndAnnouncement/ANNOUNCEMENTSTOCK/From_EREP/202602/e1d2348022_f56838a591.pdf"", ""filename"": ""20260210_ISAT_Laporan Informasi dan Fakta Material_32026688_lamp1.pdf""}]",2026-02-10T23:14:22.793983
24,3,2026-02-10,19:46:20,2026-02-10 19:46:20,BCAP,BCAP,Laporan Bulanan Registrasi Pemegang Efek,Laporan Bulanan Registrasi Pemegang Efek [BCAP ],https://www.idx.co.id/StaticData/NewsAndAnnouncement/ANNOUNCEMENTSTOCK/From_EREP/202602/7d685dea41_01b0496301.pdf,0,[],2026-02-10T23:14:22.815561
25,3,2026-02-10,19:41:18,2026-02-10 19:41:18,XILV,XILV,Laporan Harian atas Nilai Aktiva Bersih dan Komposisi Portofolio,Laporan Harian atas Nilai Aktiva Bersih dan Komposisi Portofolio [XILV ],https://www.idx.co.id/StaticData/NewsAndAnnouncement/ANNOUNCEMENTSTOCK/From_EREP/202602/8f74c2fe88_3331a64d6c.pdf,1,"[{""text"": ""20260210_XILV_Laporan Harian atas Nilai Aktiva Bersih dan Komposisi Portofolio_32026752_lamp1.xlsx"", ""link"": ""https://www.idx.co.id/StaticData/NewsAndAnnouncement/ANNOUNCEMENTSTOCK/From_INAV/202602/14b583ebef_d847a58daf.xlsx"", ""filename"": ""20260210_XILV_Laporan Harian atas Nilai Aktiva Bersih dan Komposisi Portofolio_32026752_lamp1.xlsx""}]",2026-02-10T23:14:22.850490
26,3,2026-02-10,19:40:36,2026-02-10 19:40:36,BHIT,BHIT,Laporan Bulanan Registrasi Pemegang Efek,Laporan Bulanan Registrasi Pemegang Efek [BHIT ],https://www.idx.co.id/StaticData/NewsAndAnnouncement/ANNOUNCEMENTSTOCK/From_EREP/202602/12920c3504_1445d6fa49.pdf,0,[],2026-02-10T23:14:22.872813
27,3,2026-02-10,19:37:27,2026-02-10 19:37:27,TAXI,TAXI,Laporan Bulanan Registrasi Pemegang Efek,Laporan Bulanan Registrasi Pemegang Efek [TAXI ],https://www.idx.co.id/StaticData/NewsAndAnnouncement/ANNOUNCEMENTSTOCK/From_EREP/202602/fb9c509502_3795111f58.pdf,1,"[{""text"": ""20260210_TAXI_Laporan Bulanan Registrasi Pemegang Efek//Perubahan Struktur Pemegang Saham_32026790_lamp1.pdf"", ""link"": ""https://www.idx.co.id/StaticData/NewsAndAnnouncement/ANNOUNCEMENTSTOCK/From_EREP/202602/3b05ba6a26_a62b48f995.pdf"", ""filename"": ""20260210_TAXI_Laporan Bulanan Registrasi Pemegang Efek//Perubahan Struktur Pemegang Saham_32026790_lamp1.pdf""}]",2026-02-10T23:14:22.905961
28,3,2026-02-10,19:29:22,2026-02-10 19:29:22,MSIN,MSIN,Laporan Bulanan Registrasi Pemegang Efek,Laporan Bulanan Registrasi Pemegang Efek [MSIN ],https://www.idx.co.id/StaticData/NewsAndAnnouncement/ANNOUNCEMENTSTOCK/From_EREP/202602/50dd002c99_7d782c57d7.pdf,0,[],2026-02-10T23:14:22.926703
29,3,2026-02-10,19:27:17,2026-02-10 19:27:17,INRU,INRU,Pencabutan Perizinan Berusaha Pemanfaatan Hutan (PBPH),Pencabutan Perizinan Berusaha Pemanfaatan Hutan (PBPH) [INRU ],https://www.idx.co.id/StaticData/NewsAndAnnouncement/ANNOUNCEMENTSTOCK/From_EREP/202602/bf2efc4055_c2c26966e4.pdf,1,"[{""text"": ""20260210_INRU_Laporan Informasi dan Fakta Material_32026717_lamp1.pdf"", ""link"": ""https://www.idx.co.id/StaticData/NewsAndAnnouncement/ANNOUNCEMENTSTOCK/From_EREP/202602/b205ae89d6_3d8c34d963.pdf"", ""filename"": ""20260210_INRU_Laporan Informasi dan Fakta Material_32026717_lamp1.pdf""}]",2026-02-10T23:14:22.957819
30,3,2026-02-10,19:22:21,2026-02-10 19:22:21,SAME,SAME,LAPORAN KEPEMILIKAN ATAU SETIAP PERUBAHAN KEPEMILIKAN SAHAM PERUSAHAAN TERBUKA,LAPORAN KEPEMILIKAN ATAU SETIAP PERUBAHAN KEPEMILIKAN SAHAM PERUSAHAAN TERBUKA [SAME],https://www.idx.co.id/StaticData/NewsAndAnnouncement/ANNOUNCEMENTSTOCK/From_KSEI/LK-10022026-2903-00.pdf-0.pdf,0,[],2026-02-10T23:14:22.978802
31,4,2026-02-10,19:17:18,2026-02-10 19:17:18,KPIG,KPIG,Laporan Bulanan Registrasi Pemegang Efek,Laporan Bulanan Registrasi Pemegang Efek [KPIG ],https://www.idx.co.id/StaticData/NewsAndAnnouncement/ANNOUNCEMENTSTOCK/From_EREP/202602/b474f8fc08_677c3bf0bc.pdf,0,[],2026-02-10T23:14:29.346000
32,4,2026-02-10,19:14:56,2026-02-10 19:14:56,GTBO,GTBO,Laporan Bulanan Registrasi Pemegang Efek,Laporan Bulanan Registrasi Pemegang Efek [GTBO ],https://www.idx.co.id/StaticData/NewsAndAnnouncement/ANNOUNCEMENTSTOCK/From_EREP/202602/900764546e_e6895ff71d.pdf,2,"[{""text"": ""20260210_GTBO_Laporan Bulanan Registrasi Pemegang Efek//Perubahan Struktur Pemegang Saham_32026791_lamp2.pdf"", ""link"": ""https://www.idx.co.id/StaticData/NewsAndAnnouncement/ANNOUNCEMENTSTOCK/From_EREP/202602/4139651937_2e1eef0318.pdf"", ""filename"": ""20260210_GTBO_Laporan Bulanan Registrasi Pemegang Efek//Perubahan Struktur Pemegang Saham_32026791_lamp2.pdf""}, {""text"": ""20260210_GTBO_Laporan Bulanan Registrasi Pemegang Efek//Perubahan Struktur Pemegang Saham_32026791_lamp1.pdf"", ""link"": ""https://www.idx.co.id/StaticData/NewsAndAnnouncement/ANNOUNCEMENTSTOCK/From_EREP/202602/d0d5ac539b_fbb7bf4bee.pdf"", ""filename"": ""20260210_GTBO_Laporan Bulanan Registrasi Pemegang Efek//Perubahan Struktur Pemegang Saham_32026791_lamp1.pdf""}]",2026-02-10T23:14:29.394080
33,4,2026-02-10,19:09:31,2026-02-10 19:09:31,PTPP,PTPP,Penyampaian Bukti Iklan Penyampaian Bukti Iklan Pengumuman Rapat Umum Pemegang Obligasi dan Sukuk Mudharabah Berkelanjutan,Penyampaian Bukti Iklan Penyampaian Bukti Iklan Pengumuman Rapat Umum Pemegang Obligasi dan Sukuk Mudharabah Berkelanjutan [PTPP ],https://www.idx.co.id/StaticData/NewsAndAnnouncement/ANNOUNCEMENTSTOCK/From_EREP/202602/cd011fb1cc_8de5da5c6c.pdf,1,"[{""text"": ""20260209_PTPP_Penyampaian Bukti Iklan_32026317_lamp1.pdf"", ""link"": ""https://www.idx.co.id/StaticData/NewsAndAnnouncement/ANNOUNCEMENTSTOCK/From_EREP/202602/290fa77175_3759090bac.pdf"", ""filename"": ""20260209_PTPP_Penyampaian Bukti Iklan_32026317_lamp1.pdf""}]",2026-02-10T23:14:29.426359
34,4,2026-02-10,19:08:49,2026-02-10 19:08:49,PTPP,PTPP,Pemberitahuan Rencana RUPO PP (Persero) Tbk,Pemberitahuan Rencana RUPO PP (Persero) Tbk [PTPP ],https://www.idx.co.id/StaticData/NewsAndAnnouncement/ANNOUNCEMENTSTOCK/From_EREP/202602/a736783015_a6655a2885.pdf,1,"[{""text"": ""20260209_PTPP_Pemberitahuan Rencana//Penyampaian Panggilan//Hasil RUPO//RUPSU//RUP EBA-SP_32026314_lamp1.pdf"", ""link"": ""https://www.idx.co.id/StaticData/NewsAndAnnouncement/ANNOUNCEMENTSTOCK/From_EREP/202602/10a58219c5_c9d9cc3ad2.pdf"", ""filename"": ""20260209_PTPP_Pemberitahuan Rencana//Penyampaian Panggilan//Hasil RUPO//RUPSU//RUP EBA-SP_32026314_lamp1.pdf""}]",2026-02-10T23:14:29.459057
35,4,2026-02-10,19:08:48,2026-02-10 19:08:48,DATA,DATA,Laporan Bulanan Registrasi Pemegang Efek,Laporan Bulanan Registrasi Pemegang Efek [DATA ],https://www.idx.co.id/StaticData/NewsAndAnnouncement/ANNOUNCEMENTSTOCK/From_EREP/202602/35c180b62b_b9ee445ef7.pdf,1,"[{""text"": ""20260210_DATA_Laporan Bulanan Registrasi Pemegang Efek//Perubahan Struktur Pemegang Saham_32026685_lamp1.pdf"", ""link"": ""https://www.idx.co.id/StaticData/NewsAndAnnouncement/ANNOUNCEMENTSTOCK/From_EREP/202602/145bc8b16f_9eb7d26eeb.pdf"", ""filename"": ""20260210_DATA_Laporan Bulanan Registrasi Pemegang Efek//Perubahan Struktur Pemegang Saham_32026685_lamp1.pdf""}]",2026-02-10T23:14:29.492917
36,4,2026-02-10,19:08:10,2026-02-10 19:08:10,PTPP,PTPP,Pemberitahuan Rencana RUPO PP (Persero) Tbk,Pemberitahuan Rencana RUPO PP (Persero) Tbk [PTPP ],https://www.idx.co.id/StaticData/NewsAndAnnouncement/ANNOUNCEMENTSTOCK/From_EREP/202602/d022fcb409_7dc928a8c3.pdf,1,"[{""text"": ""20260209_PTPP_Pemberitahuan Rencana//Penyampaian Panggilan//Hasil RUPO//RUPSU//RUP EBA-SP_32026311_lamp1.pdf"", ""link"": ""https://www.idx.co.id/StaticData/NewsAndAnnouncement/ANNOUNCEMENTSTOCK/From_EREP/202602/967050ea9c_5af7a67e55.pdf"", ""filename"": ""20260209_PTPP_Pemberitahuan Rencana//Penyampaian Panggilan//Hasil RUPO//RUPSU//RUP EBA-SP_32026311_lamp1.pdf""}]",2026-02-10T23:14:29.532079
37,4,2026-02-10,19:07:33,2026-02-10 19:07:33,PTPP,PTPP,Pemberitahuan Rencana RUPSU PP (Persero) Tbk,Pemberitahuan Rencana RUPSU PP (Persero) Tbk [PTPP ],https://www.idx.co.id/StaticData/NewsAndAnnouncement/ANNOUNCEMENTSTOCK/From_EREP/202602/15742e1764_43faf2fff0.pdf,1,"[{""text"": ""20260209_PTPP_Pemberitahuan Rencana//Penyampaian Panggilan//Hasil RUPO//RUPSU//RUP EBA-SP_32026312_lamp1.pdf"", ""link"": ""https://www.idx.co.id/StaticData/NewsAndAnnouncement/ANNOUNCEMENTSTOCK/From_EREP/202602/99843ce470_3b1e700991.pdf"", ""filename"": ""20260209_PTPP_Pemberitahuan Rencana//Penyampaian Panggilan//Hasil RUPO//RUPSU//RUP EBA-SP_32026312_lamp1.pdf""}]",2026-02-10T23:14:29.564333
38,4,2026-02-10,19:07:19,2026-02-10 19:07:19,ASPI,ASPI,Laporan Bulanan Registrasi Pemegang Efek (KOREKSI),Laporan Bulanan Registrasi Pemegang Efek (KOREKSI) [ASPI ],https://www.idx.co.id/StaticData/NewsAndAnnouncement/ANNOUNCEMENTSTOCK/From_EREP/202602/de0edbcdf1_24ee6fad1d.pdf,3,"[{""text"": ""20260210_ASPI_Laporan Bulanan Registrasi Pemegang Efek//Perubahan Struktur Pemegang Saham_32026773_lamp1.pdf"", ""link"": ""https://www.idx.co.id/StaticData/NewsAndAnnouncement/ANNOUNCEMENTSTOCK/From_EREP/202602/424cf8b19b_ff8755f479.pdf"", ""filename"": ""20260210_ASPI_Laporan Bulanan Registrasi Pemegang Efek//Perubahan Struktur Pemegang Saham_32026773_lamp1.pdf""}, {""text"": ""20260210_ASPI_Laporan Bulanan Registrasi Pemegang Efek//Perubahan Struktur Pemegang Saham_32026773_lamp3.pdf"", ""link"": ""https://www.idx.co.id/StaticData/NewsAndAnnouncement/ANNOUNCEMENTSTOCK/From_EREP/202602/490e0dd7e7_ce18fbed44.pdf"", ""filename"": ""20260210_ASPI_Laporan Bulanan Registrasi Pemegang Efek//Perubahan Struktur Pemegang Saham_32026773_lamp3.pdf""}, {""text"": ""20260210_ASPI_Laporan Bulanan Registrasi Pemegang Efek//Perubahan Struktur Pemegang Saham_32026773_lamp2.pdf"", ""link"": ""https://www.idx.co.id/StaticData/NewsAndAnnouncement/ANNOUNCEMENTSTOCK/From_EREP/202602/be8ef1fb7b_01d636069a.pdf"", ""filename"": ""20260210_ASPI_Laporan Bulanan Registrasi Pemegang Efek//Perubahan Struktur Pemegang Saham_32026773_lamp2.pdf""}]",2026-02-10T23:14:29.618048
39,4,2026-02-10,19:03:06,2026-02-10 19:03:06,INET,INET,Laporan Bulanan Registrasi Pemegang Efek (KOREKSI),Laporan Bulanan Registrasi Pemegang Efek (KOREKSI) [INET ],https://www.idx.co.id/StaticData/NewsAndAnnouncement/ANNOUNCEMENTSTOCK/From_EREP/202602/a1c96ccd72_545050af19.pdf,1,"[{""text"": ""20260210_INET_Laporan Bulanan Registrasi Pemegang Efek//Perubahan Struktur Pemegang Saham_32026789_lamp1.pdf"", ""link"": ""https://www.idx.co.id/StaticData/NewsAndAnnouncement/ANNOUNCEMENTSTOCK/From_EREP/202602/24b2426f93_151422498f.pdf"", ""filename"": ""20260210_INET_Laporan Bulanan Registrasi Pemegang Efek//Perubahan Struktur Pemegang Saham_32026789_lamp1.pdf""}]",2026-02-10T23:14:29.649580
40,4,2026-02-10,18:53:06,2026-02-10 18:53:06,INDY,INDY,Laporan Bulanan Registrasi Pemegang Efek,Laporan Bulanan Registrasi Pemegang Efek [INDY ],https://www.idx.co.id/StaticData/NewsAndAnnouncement/ANNOUNCEMENTSTOCK/From_EREP/202602/6c007d144e_17e2a2b8b1.pdf,4,"[{""text"": ""20260209_INDY_Laporan Bulanan Registrasi Pemegang Efek//Perubahan Struktur Pemegang Saham_32026253_lamp3.pdf"", ""link"": ""https://www.idx.co.id/StaticData/NewsAndAnnouncement/ANNOUNCEMENTSTOCK/From_EREP/202602/3d76f0176e_3a8b936b0c.pdf"", ""filename"": ""20260209_INDY_Laporan Bulanan Registrasi Pemegang Efek//Perubahan Struktur Pemegang Saham_32026253_lamp3.pdf""}, {""text"": ""20260209_INDY_Laporan Bulanan Registrasi Pemegang Efek//Perubahan Struktur Pemegang Saham_32026253_lamp2.pdf"", ""link"": ""https://www.idx.co.id/StaticData/NewsAndAnnouncement/ANNOUNCEMENTSTOCK/From_EREP/202602/714b90a1a5_1e8af68a2a.pdf"", ""filename"": ""20260209_INDY_Laporan Bulanan Registrasi Pemegang Efek//Perubahan Struktur Pemegang Saham_32026253_lamp2.pdf""}, {""text"": ""20260209_INDY_Laporan Bulanan Registrasi Pemegang Efek//Perubahan Struktur Pemegang Saham_32026253_lamp4.pdf"", ""link"": ""https://www.idx.co.id/StaticData/NewsAndAnnouncement/ANNOUNCEMENTSTOCK/From_EREP/202602/87340c2906_6c52b6ac93.pdf"", ""filename"": ""20260209_INDY_Laporan Bulanan Registrasi Pemegang Efek//Perubahan Struktur Pemegang Saham_32026253_lamp4.pdf""}, {""text"": ""20260209_INDY_Laporan Bulanan Registrasi Pemegang Efek//Perubahan Struktur Pemegang Saham_32026253_lamp1.pdf"", ""link"": ""https://www.idx.co.id/StaticData/NewsAndAnnouncement/ANNOUNCEMENTSTOCK/From_EREP/202602/afcfa29562_acb79f64e1.pdf"", ""filename"": ""20260209_INDY_Laporan Bulanan Registrasi Pemegang Efek//Perubahan Struktur Pemegang Saham_32026253_lamp1.pdf""}]",2026-02-10T23:14:29.711079
41,5,2026-02-10,18:47:42,2026-02-10 18:47:42,OKAS,OKAS,Pengunduran Diri Komisaris Perseroan,Pengunduran Diri Komisaris Perseroan [OKAS ],https://www.idx.co.id/StaticData/NewsAndAnnouncement/ANNOUNCEMENTSTOCK/From_EREP/202602/a06e6c1409_d9c85f836a.pdf,1,"[{""text"": ""20260120_OKAS_Laporan Informasi dan Fakta Material_32021215_lamp1.pdf"", ""link"": ""https://www.idx.co.id/StaticData/NewsAndAnnouncement/ANNOUNCEMENTSTOCK/From_EREP/202602/2d819adbe7_01c96a877a.pdf"", ""filename"": ""20260120_OKAS_Laporan Informasi dan Fakta Material_32021215_lamp1.pdf""}]",2026-02-10T23:14:36.065479
42,5,2026-02-10,18:47:22,2026-02-10 18:47:22,TINS,TINS,Perubahan Corporate Secretary,Perubahan Corporate Secretary [TINS ],https://www.idx.co.id/StaticData/NewsAndAnnouncement/ANNOUNCEMENTSTOCK/From_EREP/202602/88ac1706fe_7601942957.pdf,1,"[{""text"": ""20260210_TINS_Perubahan Corsec Komite Audit Alamat NPWP Internal Audit_32026731_lamp1.pdf"", ""link"": ""https://www.idx.co.id/StaticData/NewsAndAnnouncement/ANNOUNCEMENTSTOCK/From_EREP/202602/261b38caed_adf39cba4f.pdf"", ""filename"": ""20260210_TINS_Perubahan Corsec Komite Audit Alamat NPWP Internal Audit_32026731_lamp1.pdf""}]",2026-02-10T23:14:36.098781
43,5,2026-02-10,18:46:31,2026-02-10 18:46:31,DR,DR,Laporan Jumlah Structured Warrant Beredar,Laporan Jumlah Structured Warrant Beredar [DR ],https://www.idx.co.id/StaticData/NewsAndAnnouncement/ANNOUNCEMENTSTOCK/From_EREP/202602/901e9013eb_3ac5955cc3.pdf,1,"[{""text"": ""20260210_DR_Laporan Jumlah Structured Warrant Beredar_32026684_lamp1.pdf"", ""link"": ""https://www.idx.co.id/StaticData/NewsAndAnnouncement/ANNOUNCEMENTSTOCK/From_EREP/202602/0bf4e0c3b9_1ce670ace4.pdf"", ""filename"": ""20260210_DR_Laporan Jumlah Structured Warrant Beredar_32026684_lamp1.pdf""}]",2026-02-10T23:14:36.132370
44,5,2026-02-10,18:43:32,2026-02-10 18:43:32,SRAJ,SRAJ,Laporan Bulanan Registrasi Pemegang Efek,Laporan Bulanan Registrasi Pemegang Efek [SRAJ ],https://www.idx.co.id/StaticData/NewsAndAnnouncement/ANNOUNCEMENTSTOCK/From_EREP/202602/1580293375_7066670304.pdf,2,"[{""text"": ""20260210_SRAJ_Laporan Bulanan Registrasi Pemegang Efek//Perubahan Struktur Pemegang Saham_32026677_lamp1.pdf"", ""link"": ""https://www.idx.co.id/StaticData/NewsAndAnnouncement/ANNOUNCEMENTSTOCK/From_EREP/202602/2890871f8f_e50472b34f.pdf"", ""filename"": ""20260210_SRAJ_Laporan Bulanan Registrasi Pemegang Efek//Perubahan Struktur Pemegang Saham_32026677_lamp1.pdf""}, {""text"": ""20260210_SRAJ_Laporan Bulanan Registrasi Pemegang Efek//Perubahan Struktur Pemegang Saham_32026677_lamp2.pdf"", ""link"": ""https://www.idx.co.id/StaticData/NewsAndAnnouncement/ANNOUNCEMENTSTOCK/From_EREP/202602/5be9973c16_83682d01ed.pdf"", ""filename"": ""20260210_SRAJ_Laporan Bulanan Registrasi Pemegang Efek//Perubahan Struktur Pemegang Saham_32026677_lamp2.pdf""}]",2026-02-10T23:14:36.173734
45,5,2026-02-10,18:37:59,2026-02-10 18:37:59,BTPN,BTPN,Keterbukaan Informasi Hasil Pemeringkatan Tahunan,Keterbukaan Informasi Hasil Pemeringkatan Tahunan [BTPN ],https://www.idx.co.id/StaticData/NewsAndAnnouncement/ANNOUNCEMENTSTOCK/From_EREP/202602/6cf6f6a56c_65587e1fce.pdf,3,"[{""text"": ""20260210_BTPN_Laporan Informasi dan Fakta Material_32026645_lamp3.pdf"", ""link"": ""https://www.idx.co.id/StaticData/NewsAndAnnouncement/ANNOUNCEMENTSTOCK/From_EREP/202602/3f104be23d_66cb4df1dd.pdf"", ""filename"": ""20260210_BTPN_Laporan Informasi dan Fakta Material_32026645_lamp3.pdf""}, {""text"": ""20260210_BTPN_Laporan Informasi dan Fakta Material_32026645_lamp2.pdf"", ""link"": ""https://www.idx.co.id/StaticData/NewsAndAnnouncement/ANNOUNCEMENTSTOCK/From_EREP/202602/7f7e8057d1_1da124aa35.pdf"", ""filename"": ""20260210_BTPN_Laporan Informasi dan Fakta Material_32026645_lamp2.pdf""}, {""text"": ""20260210_BTPN_Laporan Informasi dan Fakta Material_32026645_lamp1.pdf"", ""link"": ""https://www.idx.co.id/StaticData/NewsAndAnnouncement/ANNOUNCEMENTSTOCK/From_EREP/202602/82e99e19dc_79710ce980.pdf"", ""filename"": ""20260210_BTPN_Laporan Informasi dan Fakta Material_32026645_lamp1.pdf""}]",2026-02-10T23:14:36.227228
46,5,2026-02-10,18:32:50,2026-02-10 18:32:50,MREI,MREI,Laporan Bulanan Registrasi Pemegang Efek,Laporan Bulanan Registrasi Pemegang Efek [MREI ],https://www.idx.co.id/StaticData/NewsAndAnnouncement/ANNOUNCEMENTSTOCK/From_EREP/202602/fae19fbf58_bece4c9fd8.pdf,2,"[{""text"": ""20260205_MREI_Laporan Bulanan Registrasi Pemegang Efek//Perubahan Struktur Pemegang Saham_32024902_lamp1.pdf"", ""link"": ""https://www.idx.co.id/StaticData/NewsAndAnnouncement/ANNOUNCEMENTSTOCK/From_EREP/202602/aa8559e1c9_80e8ab58d1.pdf"", ""filename"": ""20260205_MREI_Laporan Bulanan Registrasi Pemegang Efek//Perubahan Struktur Pemegang Saham_32024902_lamp1.pdf""}, {""text"": ""20260205_MREI_Laporan Bulanan Registrasi Pemegang Efek//Perubahan Struktur Pemegang Saham_32024902_lamp2.pdf"", ""link"": ""https://www.idx.co.id/StaticData/NewsAndAnnouncement/ANNOUNCEMENTSTOCK/From_EREP/202602/fe98705cc4_1b62f782aa.pdf"", ""filename"": ""20260205_MREI_Laporan Bulanan Registrasi Pemegang Efek//Perubahan Struktur Pemegang Saham_32024902_lamp2.pdf""}]",2026-02-10T23:14:36.270606
47,5,2026-02-10,18:31:39,2026-02-10 18:31:39,XPSG,XPSG,Laporan Harian atas Nilai Aktiva Bersih dan Komposisi Portofolio,Laporan Harian atas Nilai Aktiva Bersih dan Komposisi Portofolio [XPSG ],https://www.idx.co.id/StaticData/NewsAndAnnouncement/ANNOUNCEMENTSTOCK/From_EREP/202602/e2508fbda8_32108ed532.pdf,1,"[{""text"": ""20260210_XPSG_Laporan Harian atas Nilai Aktiva Bersih dan Komposisi Portofolio_32026788_lamp1.xlsx"", ""link"": ""https://www.idx.co.id/StaticData/NewsAndAnnouncement/ANNOUNCEMENTSTOCK/From_INAV/202602/90f8a36a0f_687c52116f.xlsx"", ""filename"": ""20260210_XPSG_Laporan Harian atas Nilai Aktiva Bersih dan Komposisi Portofolio_32026788_lamp1.xlsx""}]",2026-02-10T23:14:36.300764
48,5,2026-02-10,18:31:09,2026-02-10 18:31:09,INET,INET,Laporan Bulanan Registrasi Pemegang Efek,Laporan Bulanan Registrasi Pemegang Efek [INET ],https://www.idx.co.id/StaticData/NewsAndAnnouncement/ANNOUNCEMENTSTOCK/From_EREP/202602/c969d4c1e5_c8d7de6d83.pdf,1,"[{""text"": ""20260210_INET_Laporan Bulanan Registrasi Pemegang Efek//Perubahan Struktur Pemegang Saham_32026737_lamp1.pdf"", ""link"": ""https://www.idx.co.id/StaticData/NewsAndAnnouncement/ANNOUNCEMENTSTOCK/From_EREP/202602/e9ae0d9cdb_1225f22bee.pdf"", ""filename"": ""20260210_INET_Laporan Bulanan Registrasi Pemegang Efek//Perubahan Struktur Pemegang Saham_32026737_lamp1.pdf""}]",2026-02-10T23:14:36.331413
49,5,2026-02-10,18:31:04,2026-02-10 18:31:04,PTPP,PTPP,Keterbukaan Informasi atau Fakta Material yang Perlu Diketahui Publik,Keterbukaan Informasi atau Fakta Material yang Perlu Diketahui Publik [PTPP ],https://www.idx.co.id/StaticData/NewsAndAnnouncement/ANNOUNCEMENTSTOCK/From_EREP/202602/2c995032c6_a19d6fa02a.pdf,1,"[{""text"": ""20260210_PTPP_Laporan Informasi dan Fakta Material_32026785_lamp1.pdf"", ""link"": ""https://www.idx.co.id/StaticData/NewsAndAnnouncement/ANNOUNCEMENTSTOCK/From_EREP/202602/b041116c7f_4908e5dee9.pdf"", ""filename"": ""20260210_PTPP_Laporan Informasi dan Fakta Material_32026785_lamp1.pdf""}]",2026-02-10T23:14:36.361097
50,5,2026-02-10,18:28:07,2026-02-10 18:28:07,XPLQ,XPLQ,Laporan Harian atas Nilai Aktiva Bersih dan Komposisi Portofolio,Laporan Harian atas Nilai Aktiva Bersih dan Komposisi Portofolio [XPLQ ],https://www.idx.co.id/StaticData/NewsAndAnnouncement/ANNOUNCEMENTSTOCK/From_EREP/202602/8a91a0c33a_254b803d5e.pdf,1,"[{""text"": ""20260210_XPLQ_Laporan Harian atas Nilai Aktiva Bersih dan Komposisi Portofolio_32026787_lamp1.xlsx"", ""link"": ""https://www.idx.co.id/StaticData/NewsAndAnnouncement/ANNOUNCEMENTSTOCK/From_INAV/202602/ac145cf763_75c1ca6bf9.xlsx"", ""filename"": ""20260210_XPLQ_Laporan Harian atas Nilai Aktiva Bersih dan Komposisi Portofolio_32026787_lamp1.xlsx""}]",2026-02-10T23:14:36.391613
