ticker,fitem_name,most_recent_quarter_date,most_recent_quarter_period,year,period,quarter_value,annualised_value,ttm_value,dividend,payout_ratio,dividend_yield
AADI,Net Income,31 Dec 2025,Q4,2025,Q1,"3,206 B","12,526 B","12,526 B",538.08,33.45%,4.96%
AADI,Net Income,31 Dec 2025,Q4,2025,Q2,"3,841 B","12,526 B","12,526 B",538.08,33.45%,4.96%
AADI,Net Income,31 Dec 2025,Q4,2025,Q3,"2,597 B","12,526 B","12,526 B",538.08,33.45%,4.96%
AADI,Net Income,31 Dec 2025,Q4,2025,Q4,"2,881 B","12,526 B","12,526 B",538.08,33.45%,4.96%
AADI,Net Income,31 Dec 2025,Q4,2024,Q1,"4,336 B","19,191 B","19,191 B",-,-,-
AADI,Net Income,31 Dec 2025,Q4,2024,Q2,"9,421 B","19,191 B","19,191 B",-,-,-
AADI,Net Income,31 Dec 2025,Q4,2024,Q3,"3,410 B","19,191 B","19,191 B",-,-,-
AADI,Net Income,31 Dec 2025,Q4,2024,Q4,"2,150 B","19,191 B","19,191 B",-,-,-
AADI,Net Income,31 Dec 2025,Q4,2023,Q1,-,"17,448 B",-,-,-,-
AADI,Net Income,31 Dec 2025,Q4,2023,Q2,"10,538 B","17,448 B",-,-,-,-
AADI,Net Income,31 Dec 2025,Q4,2023,Q3,-,"17,448 B",-,-,-,-
AADI,Net Income,31 Dec 2025,Q4,2023,Q4,"6,797 B","17,448 B",-,-,-,-
AADI,Net Income,31 Dec 2025,Q4,2022,Q1,-,"30,715 B",-,-,-,-
AADI,Net Income,31 Dec 2025,Q4,2022,Q2,-,"30,715 B",-,-,-,-
AADI,Net Income,31 Dec 2025,Q4,2022,Q3,-,"30,715 B",-,-,-,-
AADI,Net Income,31 Dec 2025,Q4,2022,Q4,"32,151 B","30,715 B",-,-,-,-
AADI,Net Income,31 Dec 2025,Q4,2021,Q1,-,"10,475 B",-,-,-,-
AADI,Net Income,31 Dec 2025,Q4,2021,Q2,-,"10,475 B",-,-,-,-
AADI,Net Income,31 Dec 2025,Q4,2021,Q3,-,"10,475 B",-,-,-,-
AADI,Net Income,31 Dec 2025,Q4,2021,Q4,"10,442 B","10,475 B",-,-,-,-
AADI,EPS,31 Dec 2025,Q4,2025,Q1,411.75,"1,608.59","1,608.59",538.08,33.45%,4.96%
AADI,EPS,31 Dec 2025,Q4,2025,Q2,493.27,"1,608.59","1,608.59",538.08,33.45%,4.96%
AADI,EPS,31 Dec 2025,Q4,2025,Q3,333.53,"1,608.59","1,608.59",538.08,33.45%,4.96%
AADI,EPS,31 Dec 2025,Q4,2025,Q4,370.00,"1,608.59","1,608.59",538.08,33.45%,4.96%
AADI,EPS,31 Dec 2025,Q4,2024,Q1,556.78,"2,464.53","2,464.53",-,-,-
AADI,EPS,31 Dec 2025,Q4,2024,Q2,"1,209.87","2,464.53","2,464.53",-,-,-
AADI,EPS,31 Dec 2025,Q4,2024,Q3,437.85,"2,464.53","2,464.53",-,-,-
AADI,EPS,31 Dec 2025,Q4,2024,Q4,276.08,"2,464.53","2,464.53",-,-,-
AADI,EPS,31 Dec 2025,Q4,2023,Q1,-,"2,240.71",-,-,-,-
AADI,EPS,31 Dec 2025,Q4,2023,Q2,"1,353.31","2,240.71",-,-,-,-
AADI,EPS,31 Dec 2025,Q4,2023,Q3,-,"2,240.71",-,-,-,-
AADI,EPS,31 Dec 2025,Q4,2023,Q4,872.94,"2,240.71",-,-,-,-
AADI,EPS,31 Dec 2025,Q4,2022,Q1,-,"3,944.44",-,-,-,-
AADI,EPS,31 Dec 2025,Q4,2022,Q2,-,"3,944.44",-,-,-,-
AADI,EPS,31 Dec 2025,Q4,2022,Q3,-,"3,944.44",-,-,-,-
AADI,EPS,31 Dec 2025,Q4,2022,Q4,"4,128.88","3,944.44",-,-,-,-
AADI,EPS,31 Dec 2025,Q4,2021,Q1,-,"1,345.24",-,-,-,-
AADI,EPS,31 Dec 2025,Q4,2021,Q2,-,"1,345.24",-,-,-,-
AADI,EPS,31 Dec 2025,Q4,2021,Q3,-,"1,345.24",-,-,-,-
AADI,EPS,31 Dec 2025,Q4,2021,Q4,"1,340.95","1,345.24",-,-,-,-
AADI,Revenue,31 Dec 2025,Q4,2025,Q1,"19,049 B","80,909 B","80,909 B",538.08,33.45%,4.96%
AADI,Revenue,31 Dec 2025,Q4,2025,Q2,"20,388 B","80,909 B","80,909 B",538.08,33.45%,4.96%
AADI,Revenue,31 Dec 2025,Q4,2025,Q3,"19,802 B","80,909 B","80,909 B",538.08,33.45%,4.96%
AADI,Revenue,31 Dec 2025,Q4,2025,Q4,"21,687 B","80,909 B","80,909 B",538.08,33.45%,4.96%
AADI,Revenue,31 Dec 2025,Q4,2024,Q1,"20,591 B","84,315 B","84,315 B",-,-,-
AADI,Revenue,31 Dec 2025,Q4,2024,Q2,"21,718 B","84,315 B","84,315 B",-,-,-
AADI,Revenue,31 Dec 2025,Q4,2024,Q3,"22,017 B","84,315 B","84,315 B",-,-,-
AADI,Revenue,31 Dec 2025,Q4,2024,Q4,"20,056 B","84,315 B","84,315 B",-,-,-
AADI,Revenue,31 Dec 2025,Q4,2023,Q1,-,"90,236 B",-,-,-,-
AADI,Revenue,31 Dec 2025,Q4,2023,Q2,"48,392 B","90,236 B",-,-,-,-
AADI,Revenue,31 Dec 2025,Q4,2023,Q3,-,"90,236 B",-,-,-,-
AADI,Revenue,31 Dec 2025,Q4,2023,Q4,"41,574 B","90,236 B",-,-,-,-
AADI,Revenue,31 Dec 2025,Q4,2022,Q1,-,"114,931 B",-,-,-,-
AADI,Revenue,31 Dec 2025,Q4,2022,Q2,-,"114,931 B",-,-,-,-
AADI,Revenue,31 Dec 2025,Q4,2022,Q3,-,"114,931 B",-,-,-,-
AADI,Revenue,31 Dec 2025,Q4,2022,Q4,"120,305 B","114,931 B",-,-,-,-
AADI,Revenue,31 Dec 2025,Q4,2021,Q1,-,"55,273 B",-,-,-,-
AADI,Revenue,31 Dec 2025,Q4,2021,Q2,-,"55,273 B",-,-,-,-
AADI,Revenue,31 Dec 2025,Q4,2021,Q3,-,"55,273 B",-,-,-,-
AADI,Revenue,31 Dec 2025,Q4,2021,Q4,"55,097 B","55,273 B",-,-,-,-
AADI,Net Income (USD),31 Dec 2025,Q4,2025,Q1,196.00 M,760.18 M,760.18 M,0.03227,33.45%,4.96%
AADI,Net Income (USD),31 Dec 2025,Q4,2025,Q2,232.69 M,760.18 M,760.18 M,0.03227,33.45%,4.96%
AADI,Net Income (USD),31 Dec 2025,Q4,2025,Q3,158.64 M,760.18 M,760.18 M,0.03227,33.45%,4.96%
AADI,Net Income (USD),31 Dec 2025,Q4,2025,Q4,172.86 M,760.18 M,760.18 M,0.03227,33.45%,4.96%
AADI,Net Income (USD),31 Dec 2025,Q4,2024,Q1,276.79 M,1.21 B,1.21 B,-,-,-
AADI,Net Income (USD),31 Dec 2025,Q4,2024,Q2,582.13 M,1.21 B,1.21 B,-,-,-
AADI,Net Income (USD),31 Dec 2025,Q4,2024,Q3,215.78 M,1.21 B,1.21 B,-,-,-
AADI,Net Income (USD),31 Dec 2025,Q4,2024,Q4,136.09 M,1.21 B,1.21 B,-,-,-
AADI,Net Income (USD),31 Dec 2025,Q4,2023,Q1,-,1.14 B,-,-,-,-
AADI,Net Income (USD),31 Dec 2025,Q4,2023,Q2,708.87 M,1.14 B,-,-,-,-
AADI,Net Income (USD),31 Dec 2025,Q4,2023,Q3,-,1.14 B,-,-,-,-
AADI,Net Income (USD),31 Dec 2025,Q4,2023,Q4,434.94 M,1.14 B,-,-,-,-
AADI,Net Income (USD),31 Dec 2025,Q4,2022,Q1,-,2.06 B,-,-,-,-
AADI,Net Income (USD),31 Dec 2025,Q4,2022,Q2,-,2.06 B,-,-,-,-
AADI,Net Income (USD),31 Dec 2025,Q4,2022,Q3,-,2.06 B,-,-,-,-
AADI,Net Income (USD),31 Dec 2025,Q4,2022,Q4,2.06 B,2.06 B,-,-,-,-
AADI,Net Income (USD),31 Dec 2025,Q4,2021,Q1,-,731.94 M,-,-,-,-
AADI,Net Income (USD),31 Dec 2025,Q4,2021,Q2,-,731.94 M,-,-,-,-
AADI,Net Income (USD),31 Dec 2025,Q4,2021,Q3,-,731.94 M,-,-,-,-
AADI,Net Income (USD),31 Dec 2025,Q4,2021,Q4,731.94 M,731.94 M,-,-,-,-
AADI,EPS (USD),31 Dec 2025,Q4,2025,Q1,0.02517,0.09762,0.09762,0.03227,33.45%,4.96%
AADI,EPS (USD),31 Dec 2025,Q4,2025,Q2,0.02988,0.09762,0.09762,0.03227,33.45%,4.96%
AADI,EPS (USD),31 Dec 2025,Q4,2025,Q3,0.02037,0.09762,0.09762,0.03227,33.45%,4.96%
AADI,EPS (USD),31 Dec 2025,Q4,2025,Q4,0.02220,0.09762,0.09762,0.03227,33.45%,4.96%
AADI,EPS (USD),31 Dec 2025,Q4,2024,Q1,0.03555,0.15549,0.15549,-,-,-
AADI,EPS (USD),31 Dec 2025,Q4,2024,Q2,0.07476,0.15549,0.15549,-,-,-
AADI,EPS (USD),31 Dec 2025,Q4,2024,Q3,0.02771,0.15549,0.15549,-,-,-
AADI,EPS (USD),31 Dec 2025,Q4,2024,Q4,0.01748,0.15549,0.15549,-,-,-
AADI,EPS (USD),31 Dec 2025,Q4,2023,Q1,-,0.14689,-,-,-,-
AADI,EPS (USD),31 Dec 2025,Q4,2023,Q2,0.09103,0.14689,-,-,-,-
AADI,EPS (USD),31 Dec 2025,Q4,2023,Q3,-,0.14689,-,-,-,-
AADI,EPS (USD),31 Dec 2025,Q4,2023,Q4,0.05586,0.14689,-,-,-,-
AADI,EPS (USD),31 Dec 2025,Q4,2022,Q1,-,0.26516,-,-,-,-
AADI,EPS (USD),31 Dec 2025,Q4,2022,Q2,-,0.26516,-,-,-,-
AADI,EPS (USD),31 Dec 2025,Q4,2022,Q3,-,0.26516,-,-,-,-
AADI,EPS (USD),31 Dec 2025,Q4,2022,Q4,0.26516,0.26516,-,-,-,-
AADI,EPS (USD),31 Dec 2025,Q4,2021,Q1,-,0.09400,-,-,-,-
AADI,EPS (USD),31 Dec 2025,Q4,2021,Q2,-,0.09400,-,-,-,-
AADI,EPS (USD),31 Dec 2025,Q4,2021,Q3,-,0.09400,-,-,-,-
AADI,EPS (USD),31 Dec 2025,Q4,2021,Q4,0.09400,0.09400,-,-,-,-
AADI,Revenue (USD),31 Dec 2025,Q4,2025,Q1,1.16 B,4.91 B,4.91 B,0.03227,33.45%,4.96%
AADI,Revenue (USD),31 Dec 2025,Q4,2025,Q2,1.24 B,4.91 B,4.91 B,0.03227,33.45%,4.96%
AADI,Revenue (USD),31 Dec 2025,Q4,2025,Q3,1.21 B,4.91 B,4.91 B,0.03227,33.45%,4.96%
AADI,Revenue (USD),31 Dec 2025,Q4,2025,Q4,1.30 B,4.91 B,4.91 B,0.03227,33.45%,4.96%
AADI,Revenue (USD),31 Dec 2025,Q4,2024,Q1,1.31 B,5.32 B,5.32 B,-,-,-
AADI,Revenue (USD),31 Dec 2025,Q4,2024,Q2,1.34 B,5.32 B,5.32 B,-,-,-
AADI,Revenue (USD),31 Dec 2025,Q4,2024,Q3,1.39 B,5.32 B,5.32 B,-,-,-
AADI,Revenue (USD),31 Dec 2025,Q4,2024,Q4,1.27 B,5.32 B,5.32 B,-,-,-
AADI,Revenue (USD),31 Dec 2025,Q4,2023,Q1,-,5.92 B,-,-,-,-
AADI,Revenue (USD),31 Dec 2025,Q4,2023,Q2,3.26 B,5.92 B,-,-,-,-
AADI,Revenue (USD),31 Dec 2025,Q4,2023,Q3,-,5.92 B,-,-,-,-
AADI,Revenue (USD),31 Dec 2025,Q4,2023,Q4,2.66 B,5.92 B,-,-,-,-
AADI,Revenue (USD),31 Dec 2025,Q4,2022,Q1,-,7.73 B,-,-,-,-
AADI,Revenue (USD),31 Dec 2025,Q4,2022,Q2,-,7.73 B,-,-,-,-
AADI,Revenue (USD),31 Dec 2025,Q4,2022,Q3,-,7.73 B,-,-,-,-
AADI,Revenue (USD),31 Dec 2025,Q4,2022,Q4,7.73 B,7.73 B,-,-,-,-
AADI,Revenue (USD),31 Dec 2025,Q4,2021,Q1,-,3.86 B,-,-,-,-
AADI,Revenue (USD),31 Dec 2025,Q4,2021,Q2,-,3.86 B,-,-,-,-
AADI,Revenue (USD),31 Dec 2025,Q4,2021,Q3,-,3.86 B,-,-,-,-
AADI,Revenue (USD),31 Dec 2025,Q4,2021,Q4,3.86 B,3.86 B,-,-,-,-
AALI,Net Income,31 Dec 2025,Q4,2025,Q1,277 B,"1,472 B","1,472 B",307.00,40.15%,3.95%
AALI,Net Income,31 Dec 2025,Q4,2025,Q2,425 B,"1,472 B","1,472 B",307.00,40.15%,3.95%
AALI,Net Income,31 Dec 2025,Q4,2025,Q3,368 B,"1,472 B","1,472 B",307.00,40.15%,3.95%
AALI,Net Income,31 Dec 2025,Q4,2025,Q4,402 B,"1,472 B","1,472 B",307.00,40.15%,3.95%
AALI,Net Income,31 Dec 2025,Q4,2024,Q1,231 B,"1,148 B","1,148 B",268.00,44.95%,4.45%
AALI,Net Income,31 Dec 2025,Q4,2024,Q2,271 B,"1,148 B","1,148 B",268.00,44.95%,4.45%
AALI,Net Income,31 Dec 2025,Q4,2024,Q3,300 B,"1,148 B","1,148 B",268.00,44.95%,4.45%
AALI,Net Income,31 Dec 2025,Q4,2024,Q4,346 B,"1,148 B","1,148 B",268.00,44.95%,4.45%
AALI,Net Income,31 Dec 2025,Q4,2023,Q1,225 B,"1,056 B","1,056 B",247.00,45.02%,3.84%
AALI,Net Income,31 Dec 2025,Q4,2023,Q2,143 B,"1,056 B","1,056 B",247.00,45.02%,3.84%
AALI,Net Income,31 Dec 2025,Q4,2023,Q3,433 B,"1,056 B","1,056 B",247.00,45.02%,3.84%
AALI,Net Income,31 Dec 2025,Q4,2023,Q4,255 B,"1,056 B","1,056 B",247.00,45.02%,3.84%
AALI,Net Income,31 Dec 2025,Q4,2022,Q1,483 B,"1,727 B","1,727 B",404.00,45.03%,4.93%
AALI,Net Income,31 Dec 2025,Q4,2022,Q2,326 B,"1,727 B","1,727 B",404.00,45.03%,4.93%
AALI,Net Income,31 Dec 2025,Q4,2022,Q3,407 B,"1,727 B","1,727 B",404.00,45.03%,4.93%
AALI,Net Income,31 Dec 2025,Q4,2022,Q4,511 B,"1,727 B","1,727 B",404.00,45.03%,4.93%
AALI,Net Income,31 Dec 2025,Q4,2021,Q1,162 B,"1,971 B","1,971 B",461.00,45.01%,3.51%
AALI,Net Income,31 Dec 2025,Q4,2021,Q2,487 B,"1,971 B","1,971 B",461.00,45.01%,3.51%
AALI,Net Income,31 Dec 2025,Q4,2021,Q3,820 B,"1,971 B","1,971 B",461.00,45.01%,3.51%
AALI,Net Income,31 Dec 2025,Q4,2021,Q4,502 B,"1,971 B","1,971 B",461.00,45.01%,3.51%
AALI,Net Income,31 Dec 2025,Q4,2020,Q1,371 B,833 B,833 B,195.00,45.05%,2.06%
AALI,Net Income,31 Dec 2025,Q4,2020,Q2,21 B,833 B,833 B,195.00,45.05%,2.06%
AALI,Net Income,31 Dec 2025,Q4,2020,Q3,191 B,833 B,833 B,195.00,45.05%,2.06%
AALI,Net Income,31 Dec 2025,Q4,2020,Q4,251 B,833 B,833 B,195.00,45.05%,2.06%
AALI,Net Income,31 Dec 2025,Q4,2019,Q1,37 B,211 B,211 B,49.00,44.67%,0.57%
AALI,Net Income,31 Dec 2025,Q4,2019,Q2,6 B,211 B,211 B,49.00,44.67%,0.57%
AALI,Net Income,31 Dec 2025,Q4,2019,Q3,67 B,211 B,211 B,49.00,44.67%,0.57%
AALI,Net Income,31 Dec 2025,Q4,2019,Q4,100 B,211 B,211 B,49.00,44.67%,0.57%
AALI,Net Income,31 Dec 2025,Q4,2018,Q1,355 B,"1,439 B","1,439 B",336.00,44.96%,3.00%
AALI,Net Income,31 Dec 2025,Q4,2018,Q2,428 B,"1,439 B","1,439 B",336.00,44.96%,3.00%
AALI,Net Income,31 Dec 2025,Q4,2018,Q3,340 B,"1,439 B","1,439 B",336.00,44.96%,3.00%
AALI,Net Income,31 Dec 2025,Q4,2018,Q4,315 B,"1,439 B","1,439 B",336.00,44.96%,3.00%
AALI,Net Income,31 Dec 2025,Q4,2017,Q1,801 B,"2,010 B","2,010 B",470.00,45.00%,3.42%
AALI,Net Income,31 Dec 2025,Q4,2017,Q2,243 B,"2,010 B","2,010 B",470.00,45.00%,3.42%
AALI,Net Income,31 Dec 2025,Q4,2017,Q3,362 B,"2,010 B","2,010 B",470.00,45.00%,3.42%
AALI,Net Income,31 Dec 2025,Q4,2017,Q4,604 B,"2,010 B","2,010 B",470.00,45.00%,3.42%
AALI,Net Income,31 Dec 2025,Q4,2016,Q1,418 B,"2,007 B","2,007 B",469.00,44.98%,3.17%
AALI,Net Income,31 Dec 2025,Q4,2016,Q2,375 B,"2,007 B","2,007 B",469.00,44.98%,3.17%
AALI,Net Income,31 Dec 2025,Q4,2016,Q3,353 B,"2,007 B","2,007 B",469.00,44.98%,3.17%
AALI,Net Income,31 Dec 2025,Q4,2016,Q4,862 B,"2,007 B","2,007 B",469.00,44.98%,3.17%
AALI,EPS,31 Dec 2025,Q4,2025,Q1,143.94,764.65,764.65,307.00,40.15%,3.95%
AALI,EPS,31 Dec 2025,Q4,2025,Q2,220.86,764.65,764.65,307.00,40.15%,3.95%
AALI,EPS,31 Dec 2025,Q4,2025,Q3,191.20,764.65,764.65,307.00,40.15%,3.95%
AALI,EPS,31 Dec 2025,Q4,2025,Q4,208.66,764.65,764.65,307.00,40.15%,3.95%
AALI,EPS,31 Dec 2025,Q4,2024,Q1,119.77,596.22,596.22,268.00,44.95%,4.45%
AALI,EPS,31 Dec 2025,Q4,2024,Q2,140.55,596.22,596.22,268.00,44.95%,4.45%
AALI,EPS,31 Dec 2025,Q4,2024,Q3,155.93,596.22,596.22,268.00,44.95%,4.45%
AALI,EPS,31 Dec 2025,Q4,2024,Q4,179.98,596.22,596.22,268.00,44.95%,4.45%
AALI,EPS,31 Dec 2025,Q4,2023,Q1,116.76,548.61,548.61,247.00,45.02%,3.84%
AALI,EPS,31 Dec 2025,Q4,2023,Q2,74.22,548.61,548.61,247.00,45.02%,3.84%
AALI,EPS,31 Dec 2025,Q4,2023,Q3,224.97,548.61,548.61,247.00,45.02%,3.84%
AALI,EPS,31 Dec 2025,Q4,2023,Q4,132.65,548.61,548.61,247.00,45.02%,3.84%
AALI,EPS,31 Dec 2025,Q4,2022,Q1,251.18,897.08,897.08,404.00,45.03%,4.93%
AALI,EPS,31 Dec 2025,Q4,2022,Q2,169.31,897.08,897.08,404.00,45.03%,4.93%
AALI,EPS,31 Dec 2025,Q4,2022,Q3,211.25,897.08,897.08,404.00,45.03%,4.93%
AALI,EPS,31 Dec 2025,Q4,2022,Q4,265.34,897.08,897.08,404.00,45.03%,4.93%
AALI,EPS,31 Dec 2025,Q4,2021,Q1,84.39,"1,024.25","1,024.25",461.00,45.01%,3.51%
AALI,EPS,31 Dec 2025,Q4,2021,Q2,252.98,"1,024.25","1,024.25",461.00,45.01%,3.51%
AALI,EPS,31 Dec 2025,Q4,2021,Q3,425.96,"1,024.25","1,024.25",461.00,45.01%,3.51%
AALI,EPS,31 Dec 2025,Q4,2021,Q4,260.91,"1,024.25","1,024.25",461.00,45.01%,3.51%
AALI,EPS,31 Dec 2025,Q4,2020,Q1,192.79,432.84,432.84,195.00,45.05%,2.06%
AALI,EPS,31 Dec 2025,Q4,2020,Q2,10.83,432.84,432.84,195.00,45.05%,2.06%
AALI,EPS,31 Dec 2025,Q4,2020,Q3,99.05,432.84,432.84,195.00,45.05%,2.06%
AALI,EPS,31 Dec 2025,Q4,2020,Q4,130.17,432.84,432.84,195.00,45.05%,2.06%
AALI,EPS,31 Dec 2025,Q4,2019,Q1,19.44,109.69,109.69,49.00,44.67%,0.57%
AALI,EPS,31 Dec 2025,Q4,2019,Q2,3.27,109.69,109.69,49.00,44.67%,0.57%
AALI,EPS,31 Dec 2025,Q4,2019,Q3,35.05,109.69,109.69,49.00,44.67%,0.57%
AALI,EPS,31 Dec 2025,Q4,2019,Q4,51.92,109.69,109.69,49.00,44.67%,0.57%
AALI,EPS,31 Dec 2025,Q4,2018,Q1,184.68,747.40,747.40,336.00,44.96%,3.00%
AALI,EPS,31 Dec 2025,Q4,2018,Q2,222.61,747.40,747.40,336.00,44.96%,3.00%
AALI,EPS,31 Dec 2025,Q4,2018,Q3,176.66,747.40,747.40,336.00,44.96%,3.00%
AALI,EPS,31 Dec 2025,Q4,2018,Q4,163.45,747.40,747.40,336.00,44.96%,3.00%
AALI,EPS,31 Dec 2025,Q4,2017,Q1,416.19,"1,044.50","1,044.50",470.00,45.00%,3.42%
AALI,EPS,31 Dec 2025,Q4,2017,Q2,126.02,"1,044.50","1,044.50",470.00,45.00%,3.42%
AALI,EPS,31 Dec 2025,Q4,2017,Q3,188.33,"1,044.50","1,044.50",470.00,45.00%,3.42%
AALI,EPS,31 Dec 2025,Q4,2017,Q4,313.96,"1,044.50","1,044.50",470.00,45.00%,3.42%
AALI,EPS,31 Dec 2025,Q4,2016,Q1,216.94,"1,042.75","1,042.75",469.00,44.98%,3.17%
AALI,EPS,31 Dec 2025,Q4,2016,Q2,194.63,"1,042.75","1,042.75",469.00,44.98%,3.17%
AALI,EPS,31 Dec 2025,Q4,2016,Q3,183.52,"1,042.75","1,042.75",469.00,44.98%,3.17%
AALI,EPS,31 Dec 2025,Q4,2016,Q4,447.67,"1,042.75","1,042.75",469.00,44.98%,3.17%
AALI,Revenue,31 Dec 2025,Q4,2025,Q1,"7,024 B","28,655 B","28,655 B",307.00,40.15%,3.95%
AALI,Revenue,31 Dec 2025,Q4,2025,Q2,"7,423 B","28,655 B","28,655 B",307.00,40.15%,3.95%
AALI,Revenue,31 Dec 2025,Q4,2025,Q3,"7,672 B","28,655 B","28,655 B",307.00,40.15%,3.95%
AALI,Revenue,31 Dec 2025,Q4,2025,Q4,"6,536 B","28,655 B","28,655 B",307.00,40.15%,3.95%
AALI,Revenue,31 Dec 2025,Q4,2024,Q1,"4,800 B","21,815 B","21,815 B",268.00,44.95%,4.45%
AALI,Revenue,31 Dec 2025,Q4,2024,Q2,"5,513 B","21,815 B","21,815 B",268.00,44.95%,4.45%
AALI,Revenue,31 Dec 2025,Q4,2024,Q3,"5,974 B","21,815 B","21,815 B",268.00,44.95%,4.45%
AALI,Revenue,31 Dec 2025,Q4,2024,Q4,"5,528 B","21,815 B","21,815 B",268.00,44.95%,4.45%
AALI,Revenue,31 Dec 2025,Q4,2023,Q1,"4,761 B","20,745 B","20,745 B",247.00,45.02%,3.84%
AALI,Revenue,31 Dec 2025,Q4,2023,Q2,"4,630 B","20,745 B","20,745 B",247.00,45.02%,3.84%
AALI,Revenue,31 Dec 2025,Q4,2023,Q3,"6,291 B","20,745 B","20,745 B",247.00,45.02%,3.84%
AALI,Revenue,31 Dec 2025,Q4,2023,Q4,"5,063 B","20,745 B","20,745 B",247.00,45.02%,3.84%
AALI,Revenue,31 Dec 2025,Q4,2022,Q1,"6,581 B","21,829 B","21,829 B",404.00,45.03%,4.93%
AALI,Revenue,31 Dec 2025,Q4,2022,Q2,"4,383 B","21,829 B","21,829 B",404.00,45.03%,4.93%
AALI,Revenue,31 Dec 2025,Q4,2022,Q3,"5,552 B","21,829 B","21,829 B",404.00,45.03%,4.93%
AALI,Revenue,31 Dec 2025,Q4,2022,Q4,"5,311 B","21,829 B","21,829 B",404.00,45.03%,4.93%
AALI,Revenue,31 Dec 2025,Q4,2021,Q1,"5,035 B","24,322 B","24,322 B",461.00,45.01%,3.51%
AALI,Revenue,31 Dec 2025,Q4,2021,Q2,"5,797 B","24,322 B","24,322 B",461.00,45.01%,3.51%
AALI,Revenue,31 Dec 2025,Q4,2021,Q3,"7,182 B","24,322 B","24,322 B",461.00,45.01%,3.51%
AALI,Revenue,31 Dec 2025,Q4,2021,Q4,"6,308 B","24,322 B","24,322 B",461.00,45.01%,3.51%
AALI,Revenue,31 Dec 2025,Q4,2020,Q1,"4,796 B","18,807 B","18,807 B",195.00,45.05%,2.06%
AALI,Revenue,31 Dec 2025,Q4,2020,Q2,"4,285 B","18,807 B","18,807 B",195.00,45.05%,2.06%
AALI,Revenue,31 Dec 2025,Q4,2020,Q3,"4,243 B","18,807 B","18,807 B",195.00,45.05%,2.06%
AALI,Revenue,31 Dec 2025,Q4,2020,Q4,"5,483 B","18,807 B","18,807 B",195.00,45.05%,2.06%
AALI,Revenue,31 Dec 2025,Q4,2019,Q1,"4,233 B","17,453 B","17,453 B",49.00,44.67%,0.57%
AALI,Revenue,31 Dec 2025,Q4,2019,Q2,"4,294 B","17,453 B","17,453 B",49.00,44.67%,0.57%
AALI,Revenue,31 Dec 2025,Q4,2019,Q3,"3,860 B","17,453 B","17,453 B",49.00,44.67%,0.57%
AALI,Revenue,31 Dec 2025,Q4,2019,Q4,"5,066 B","17,453 B","17,453 B",49.00,44.67%,0.57%
AALI,Revenue,31 Dec 2025,Q4,2018,Q1,"4,446 B","19,084 B","19,084 B",336.00,44.96%,3.00%
AALI,Revenue,31 Dec 2025,Q4,2018,Q2,"4,575 B","19,084 B","19,084 B",336.00,44.96%,3.00%
AALI,Revenue,31 Dec 2025,Q4,2018,Q3,"4,740 B","19,084 B","19,084 B",336.00,44.96%,3.00%
AALI,Revenue,31 Dec 2025,Q4,2018,Q4,"5,323 B","19,084 B","19,084 B",336.00,44.96%,3.00%
AALI,Revenue,31 Dec 2025,Q4,2017,Q1,"4,491 B","17,306 B","17,306 B",470.00,45.00%,3.42%
AALI,Revenue,31 Dec 2025,Q4,2017,Q2,"4,055 B","17,306 B","17,306 B",470.00,45.00%,3.42%
AALI,Revenue,31 Dec 2025,Q4,2017,Q3,"3,947 B","17,306 B","17,306 B",470.00,45.00%,3.42%
AALI,Revenue,31 Dec 2025,Q4,2017,Q4,"4,813 B","17,306 B","17,306 B",470.00,45.00%,3.42%
AALI,Revenue,31 Dec 2025,Q4,2016,Q1,"3,018 B","14,121 B","14,121 B",469.00,44.98%,3.17%
AALI,Revenue,31 Dec 2025,Q4,2016,Q2,"3,327 B","14,121 B","14,121 B",469.00,44.98%,3.17%
AALI,Revenue,31 Dec 2025,Q4,2016,Q3,"3,243 B","14,121 B","14,121 B",469.00,44.98%,3.17%
AALI,Revenue,31 Dec 2025,Q4,2016,Q4,"4,534 B","14,121 B","14,121 B",469.00,44.98%,3.17%
AALI,Net Income (USD),31 Dec 2025,Q4,2025,Q1,16.93 M,89.32 M,89.32 M,0.01871,40.15%,3.95%
AALI,Net Income (USD),31 Dec 2025,Q4,2025,Q2,25.75 M,89.32 M,89.32 M,0.01871,40.15%,3.95%
AALI,Net Income (USD),31 Dec 2025,Q4,2025,Q3,22.48 M,89.32 M,89.32 M,0.01871,40.15%,3.95%
AALI,Net Income (USD),31 Dec 2025,Q4,2025,Q4,24.09 M,89.32 M,89.32 M,0.01871,40.15%,3.95%
AALI,Net Income (USD),31 Dec 2025,Q4,2024,Q1,14.72 M,72.40 M,72.40 M,-,44.95%,4.45%
AALI,Net Income (USD),31 Dec 2025,Q4,2024,Q2,16.71 M,72.40 M,72.40 M,-,44.95%,4.45%
AALI,Net Income (USD),31 Dec 2025,Q4,2024,Q3,18.99 M,72.40 M,72.40 M,-,44.95%,4.45%
AALI,Net Income (USD),31 Dec 2025,Q4,2024,Q4,21.93 M,72.40 M,72.40 M,-,44.95%,4.45%
AALI,Net Income (USD),31 Dec 2025,Q4,2023,Q1,14.75 M,69.22 M,69.22 M,-,45.02%,3.84%
AALI,Net Income (USD),31 Dec 2025,Q4,2023,Q2,9.61 M,69.22 M,69.22 M,-,45.02%,3.84%
AALI,Net Income (USD),31 Dec 2025,Q4,2023,Q3,28.45 M,69.22 M,69.22 M,-,45.02%,3.84%
AALI,Net Income (USD),31 Dec 2025,Q4,2023,Q4,16.34 M,69.22 M,69.22 M,-,45.02%,3.84%
AALI,Net Income (USD),31 Dec 2025,Q4,2022,Q1,33.70 M,116.07 M,116.07 M,-,45.03%,4.93%
AALI,Net Income (USD),31 Dec 2025,Q4,2022,Q2,22.37 M,116.07 M,116.07 M,-,45.03%,4.93%
AALI,Net Income (USD),31 Dec 2025,Q4,2022,Q3,27.21 M,116.07 M,116.07 M,-,45.03%,4.93%
AALI,Net Income (USD),31 Dec 2025,Q4,2022,Q4,32.80 M,116.07 M,116.07 M,-,45.03%,4.93%
AALI,Net Income (USD),31 Dec 2025,Q4,2021,Q1,11.45 M,137.75 M,137.75 M,-,45.01%,3.51%
AALI,Net Income (USD),31 Dec 2025,Q4,2021,Q2,33.77 M,137.75 M,137.75 M,-,45.01%,3.51%
AALI,Net Income (USD),31 Dec 2025,Q4,2021,Q3,57.00 M,137.75 M,137.75 M,-,45.01%,3.51%
AALI,Net Income (USD),31 Dec 2025,Q4,2021,Q4,35.20 M,137.75 M,137.75 M,-,45.01%,3.51%
AALI,Net Income (USD),31 Dec 2025,Q4,2020,Q1,26.07 M,57.15 M,57.15 M,-,45.05%,2.06%
AALI,Net Income (USD),31 Dec 2025,Q4,2020,Q2,1.39 M,57.15 M,57.15 M,-,45.05%,2.06%
AALI,Net Income (USD),31 Dec 2025,Q4,2020,Q3,12.95 M,57.15 M,57.15 M,-,45.05%,2.06%
AALI,Net Income (USD),31 Dec 2025,Q4,2020,Q4,17.42 M,57.15 M,57.15 M,-,45.05%,2.06%
AALI,Net Income (USD),31 Dec 2025,Q4,2019,Q1,2.65 M,14.92 M,14.92 M,-,44.67%,0.57%
AALI,Net Income (USD),31 Dec 2025,Q4,2019,Q2,441.90 K,14.92 M,14.92 M,-,44.67%,0.57%
AALI,Net Income (USD),31 Dec 2025,Q4,2019,Q3,4.77 M,14.92 M,14.92 M,-,44.67%,0.57%
AALI,Net Income (USD),31 Dec 2025,Q4,2019,Q4,7.10 M,14.92 M,14.92 M,-,44.67%,0.57%
AALI,Net Income (USD),31 Dec 2025,Q4,2018,Q1,26.19 M,100.95 M,100.95 M,-,44.96%,3.00%
AALI,Net Income (USD),31 Dec 2025,Q4,2018,Q2,30.70 M,100.95 M,100.95 M,-,44.96%,3.00%
AALI,Net Income (USD),31 Dec 2025,Q4,2018,Q3,23.28 M,100.95 M,100.95 M,-,44.96%,3.00%
AALI,Net Income (USD),31 Dec 2025,Q4,2018,Q4,21.24 M,100.95 M,100.95 M,-,44.96%,3.00%
AALI,Net Income (USD),31 Dec 2025,Q4,2017,Q1,60.01 M,150.20 M,150.20 M,-,45.00%,3.42%
AALI,Net Income (USD),31 Dec 2025,Q4,2017,Q2,18.22 M,150.20 M,150.20 M,-,45.00%,3.42%
AALI,Net Income (USD),31 Dec 2025,Q4,2017,Q3,27.19 M,150.20 M,150.20 M,-,45.00%,3.42%
AALI,Net Income (USD),31 Dec 2025,Q4,2017,Q4,44.64 M,150.20 M,150.20 M,-,45.00%,3.42%
AALI,Net Income (USD),31 Dec 2025,Q4,2016,Q1,30.87 M,150.82 M,150.82 M,-,44.98%,3.17%
AALI,Net Income (USD),31 Dec 2025,Q4,2016,Q2,28.13 M,150.82 M,150.82 M,-,44.98%,3.17%
AALI,Net Income (USD),31 Dec 2025,Q4,2016,Q3,26.89 M,150.82 M,150.82 M,-,44.98%,3.17%
AALI,Net Income (USD),31 Dec 2025,Q4,2016,Q4,65.05 M,150.82 M,150.82 M,-,44.98%,3.17%
AALI,EPS (USD),31 Dec 2025,Q4,2025,Q1,0.00880,0.04641,0.04641,0.01871,40.15%,3.95%
AALI,EPS (USD),31 Dec 2025,Q4,2025,Q2,0.01338,0.04641,0.04641,0.01871,40.15%,3.95%
AALI,EPS (USD),31 Dec 2025,Q4,2025,Q3,0.01168,0.04641,0.04641,0.01871,40.15%,3.95%
AALI,EPS (USD),31 Dec 2025,Q4,2025,Q4,0.01252,0.04641,0.04641,0.01871,40.15%,3.95%
AALI,EPS (USD),31 Dec 2025,Q4,2024,Q1,0.00765,0.03762,0.03762,-,44.95%,4.45%
AALI,EPS (USD),31 Dec 2025,Q4,2024,Q2,0.00869,0.03762,0.03762,-,44.95%,4.45%
AALI,EPS (USD),31 Dec 2025,Q4,2024,Q3,0.00987,0.03762,0.03762,-,44.95%,4.45%
AALI,EPS (USD),31 Dec 2025,Q4,2024,Q4,0.01139,0.03762,0.03762,-,44.95%,4.45%
AALI,EPS (USD),31 Dec 2025,Q4,2023,Q1,0.00766,0.03596,0.03596,-,45.02%,3.84%
AALI,EPS (USD),31 Dec 2025,Q4,2023,Q2,0.00499,0.03596,0.03596,-,45.02%,3.84%
AALI,EPS (USD),31 Dec 2025,Q4,2023,Q3,0.01478,0.03596,0.03596,-,45.02%,3.84%
AALI,EPS (USD),31 Dec 2025,Q4,2023,Q4,0.00849,0.03596,0.03596,-,45.02%,3.84%
AALI,EPS (USD),31 Dec 2025,Q4,2022,Q1,0.01751,0.06030,0.06030,-,45.03%,4.93%
AALI,EPS (USD),31 Dec 2025,Q4,2022,Q2,0.01162,0.06030,0.06030,-,45.03%,4.93%
AALI,EPS (USD),31 Dec 2025,Q4,2022,Q3,0.01414,0.06030,0.06030,-,45.03%,4.93%
AALI,EPS (USD),31 Dec 2025,Q4,2022,Q4,0.01704,0.06030,0.06030,-,45.03%,4.93%
AALI,EPS (USD),31 Dec 2025,Q4,2021,Q1,0.00595,0.07157,0.07157,-,45.01%,3.51%
AALI,EPS (USD),31 Dec 2025,Q4,2021,Q2,0.01755,0.07157,0.07157,-,45.01%,3.51%
AALI,EPS (USD),31 Dec 2025,Q4,2021,Q3,0.02962,0.07157,0.07157,-,45.01%,3.51%
AALI,EPS (USD),31 Dec 2025,Q4,2021,Q4,0.01829,0.07157,0.07157,-,45.01%,3.51%
AALI,EPS (USD),31 Dec 2025,Q4,2020,Q1,0.01354,0.02969,0.02969,-,45.05%,2.06%
AALI,EPS (USD),31 Dec 2025,Q4,2020,Q2,0.00072,0.02969,0.02969,-,45.05%,2.06%
AALI,EPS (USD),31 Dec 2025,Q4,2020,Q3,0.00673,0.02969,0.02969,-,45.05%,2.06%
AALI,EPS (USD),31 Dec 2025,Q4,2020,Q4,0.00905,0.02969,0.02969,-,45.05%,2.06%
AALI,EPS (USD),31 Dec 2025,Q4,2019,Q1,0.00137,0.00775,0.00775,-,44.67%,0.57%
AALI,EPS (USD),31 Dec 2025,Q4,2019,Q2,0.00023,0.00775,0.00775,-,44.67%,0.57%
AALI,EPS (USD),31 Dec 2025,Q4,2019,Q3,0.00248,0.00775,0.00775,-,44.67%,0.57%
AALI,EPS (USD),31 Dec 2025,Q4,2019,Q4,0.00369,0.00775,0.00775,-,44.67%,0.57%
AALI,EPS (USD),31 Dec 2025,Q4,2018,Q1,0.01361,0.05245,0.05245,-,44.96%,3.00%
AALI,EPS (USD),31 Dec 2025,Q4,2018,Q2,0.01595,0.05245,0.05245,-,44.96%,3.00%
AALI,EPS (USD),31 Dec 2025,Q4,2018,Q3,0.01210,0.05245,0.05245,-,44.96%,3.00%
AALI,EPS (USD),31 Dec 2025,Q4,2018,Q4,0.01103,0.05245,0.05245,-,44.96%,3.00%
AALI,EPS (USD),31 Dec 2025,Q4,2017,Q1,0.03118,0.07804,0.07804,-,45.00%,3.42%
AALI,EPS (USD),31 Dec 2025,Q4,2017,Q2,0.00947,0.07804,0.07804,-,45.00%,3.42%
AALI,EPS (USD),31 Dec 2025,Q4,2017,Q3,0.01413,0.07804,0.07804,-,45.00%,3.42%
AALI,EPS (USD),31 Dec 2025,Q4,2017,Q4,0.02320,0.07804,0.07804,-,45.00%,3.42%
AALI,EPS (USD),31 Dec 2025,Q4,2016,Q1,0.01604,0.07836,0.07836,-,44.98%,3.17%
AALI,EPS (USD),31 Dec 2025,Q4,2016,Q2,0.01461,0.07836,0.07836,-,44.98%,3.17%
AALI,EPS (USD),31 Dec 2025,Q4,2016,Q3,0.01397,0.07836,0.07836,-,44.98%,3.17%
AALI,EPS (USD),31 Dec 2025,Q4,2016,Q4,0.03379,0.07836,0.07836,-,44.98%,3.17%
AALI,Revenue (USD),31 Dec 2025,Q4,2025,Q1,429.37 M,1.74 B,1.74 B,0.01871,40.15%,3.95%
AALI,Revenue (USD),31 Dec 2025,Q4,2025,Q2,449.67 M,1.74 B,1.74 B,0.01871,40.15%,3.95%
AALI,Revenue (USD),31 Dec 2025,Q4,2025,Q3,468.63 M,1.74 B,1.74 B,0.01871,40.15%,3.95%
AALI,Revenue (USD),31 Dec 2025,Q4,2025,Q4,392.13 M,1.74 B,1.74 B,0.01871,40.15%,3.95%
AALI,Revenue (USD),31 Dec 2025,Q4,2024,Q1,306.44 M,1.38 B,1.38 B,-,44.95%,4.45%
AALI,Revenue (USD),31 Dec 2025,Q4,2024,Q2,340.67 M,1.38 B,1.38 B,-,44.95%,4.45%
AALI,Revenue (USD),31 Dec 2025,Q4,2024,Q3,378.07 M,1.38 B,1.38 B,-,44.95%,4.45%
AALI,Revenue (USD),31 Dec 2025,Q4,2024,Q4,349.95 M,1.38 B,1.38 B,-,44.95%,4.45%
AALI,Revenue (USD),31 Dec 2025,Q4,2023,Q1,312.57 M,1.36 B,1.36 B,-,45.02%,3.84%
AALI,Revenue (USD),31 Dec 2025,Q4,2023,Q2,311.43 M,1.36 B,1.36 B,-,45.02%,3.84%
AALI,Revenue (USD),31 Dec 2025,Q4,2023,Q3,413.31 M,1.36 B,1.36 B,-,45.02%,3.84%
AALI,Revenue (USD),31 Dec 2025,Q4,2023,Q4,323.97 M,1.36 B,1.36 B,-,45.02%,3.84%
AALI,Revenue (USD),31 Dec 2025,Q4,2022,Q1,458.76 M,1.47 B,1.47 B,-,45.03%,4.93%
AALI,Revenue (USD),31 Dec 2025,Q4,2022,Q2,300.94 M,1.47 B,1.47 B,-,45.03%,4.93%
AALI,Revenue (USD),31 Dec 2025,Q4,2022,Q3,371.64 M,1.47 B,1.47 B,-,45.03%,4.93%
AALI,Revenue (USD),31 Dec 2025,Q4,2022,Q4,341.10 M,1.47 B,1.47 B,-,45.03%,4.93%
AALI,Revenue (USD),31 Dec 2025,Q4,2021,Q1,354.98 M,1.70 B,1.70 B,-,45.01%,3.51%
AALI,Revenue (USD),31 Dec 2025,Q4,2021,Q2,402.08 M,1.70 B,1.70 B,-,45.01%,3.51%
AALI,Revenue (USD),31 Dec 2025,Q4,2021,Q3,499.37 M,1.70 B,1.70 B,-,45.01%,3.51%
AALI,Revenue (USD),31 Dec 2025,Q4,2021,Q4,442.14 M,1.70 B,1.70 B,-,45.01%,3.51%
AALI,Revenue (USD),31 Dec 2025,Q4,2020,Q1,336.95 M,1.29 B,1.29 B,-,45.05%,2.06%
AALI,Revenue (USD),31 Dec 2025,Q4,2020,Q2,285.72 M,1.29 B,1.29 B,-,45.05%,2.06%
AALI,Revenue (USD),31 Dec 2025,Q4,2020,Q3,288.27 M,1.29 B,1.29 B,-,45.05%,2.06%
AALI,Revenue (USD),31 Dec 2025,Q4,2020,Q4,381.26 M,1.29 B,1.29 B,-,45.05%,2.06%
AALI,Revenue (USD),31 Dec 2025,Q4,2019,Q1,299.37 M,1.23 B,1.23 B,-,44.67%,0.57%
AALI,Revenue (USD),31 Dec 2025,Q4,2019,Q2,301.07 M,1.23 B,1.23 B,-,44.67%,0.57%
AALI,Revenue (USD),31 Dec 2025,Q4,2019,Q3,273.15 M,1.23 B,1.23 B,-,44.67%,0.57%
AALI,Revenue (USD),31 Dec 2025,Q4,2019,Q4,360.07 M,1.23 B,1.23 B,-,44.67%,0.57%
AALI,Revenue (USD),31 Dec 2025,Q4,2018,Q1,327.60 M,1.34 B,1.34 B,-,44.96%,3.00%
AALI,Revenue (USD),31 Dec 2025,Q4,2018,Q2,327.88 M,1.34 B,1.34 B,-,44.96%,3.00%
AALI,Revenue (USD),31 Dec 2025,Q4,2018,Q3,324.60 M,1.34 B,1.34 B,-,44.96%,3.00%
AALI,Revenue (USD),31 Dec 2025,Q4,2018,Q4,359.34 M,1.34 B,1.34 B,-,44.96%,3.00%
AALI,Revenue (USD),31 Dec 2025,Q4,2017,Q1,336.42 M,1.29 B,1.29 B,-,45.00%,3.42%
AALI,Revenue (USD),31 Dec 2025,Q4,2017,Q2,304.69 M,1.29 B,1.29 B,-,45.00%,3.42%
AALI,Revenue (USD),31 Dec 2025,Q4,2017,Q3,296.07 M,1.29 B,1.29 B,-,45.00%,3.42%
AALI,Revenue (USD),31 Dec 2025,Q4,2017,Q4,355.58 M,1.29 B,1.29 B,-,45.00%,3.42%
AALI,Revenue (USD),31 Dec 2025,Q4,2016,Q1,223.10 M,1.06 B,1.06 B,-,44.98%,3.17%
AALI,Revenue (USD),31 Dec 2025,Q4,2016,Q2,249.80 M,1.06 B,1.06 B,-,44.98%,3.17%
AALI,Revenue (USD),31 Dec 2025,Q4,2016,Q3,246.86 M,1.06 B,1.06 B,-,44.98%,3.17%
AALI,Revenue (USD),31 Dec 2025,Q4,2016,Q4,342.30 M,1.06 B,1.06 B,-,44.98%,3.17%
...............................................................................................................................................................
...............................................................................................................................................................
...............................................................................................................................................................
ZYRX,Net Income,31 Dec 2025,Q4,2025,Q1,(2 B),44 B,44 B,1.71,5.23%,1.19%
ZYRX,Net Income,31 Dec 2025,Q4,2025,Q2,2 B,44 B,44 B,1.71,5.23%,1.19%
ZYRX,Net Income,31 Dec 2025,Q4,2025,Q3,287 M,44 B,44 B,1.71,5.23%,1.19%
ZYRX,Net Income,31 Dec 2025,Q4,2025,Q4,43 B,44 B,44 B,1.71,5.23%,1.19%
ZYRX,Net Income,31 Dec 2025,Q4,2024,Q1,(4 B),15 B,15 B,1.71,15.03%,1.17%
ZYRX,Net Income,31 Dec 2025,Q4,2024,Q2,5 B,15 B,15 B,1.71,15.03%,1.17%
ZYRX,Net Income,31 Dec 2025,Q4,2024,Q3,(1 B),15 B,15 B,1.71,15.03%,1.17%
ZYRX,Net Income,31 Dec 2025,Q4,2024,Q4,15 B,15 B,15 B,1.71,15.03%,1.17%
ZYRX,Net Income,31 Dec 2025,Q4,2023,Q1,2 B,33 B,33 B,3.70,14.97%,2.59%
ZYRX,Net Income,31 Dec 2025,Q4,2023,Q2,2 B,33 B,33 B,3.70,14.97%,2.59%
ZYRX,Net Income,31 Dec 2025,Q4,2023,Q3,26 B,33 B,33 B,3.70,14.97%,2.59%
ZYRX,Net Income,31 Dec 2025,Q4,2023,Q4,3 B,33 B,33 B,3.70,14.97%,2.59%
ZYRX,Net Income,31 Dec 2025,Q4,2022,Q1,3 B,79 B,79 B,8.85,15.01%,3.14%
ZYRX,Net Income,31 Dec 2025,Q4,2022,Q2,5 B,79 B,79 B,8.85,15.01%,3.14%
ZYRX,Net Income,31 Dec 2025,Q4,2022,Q3,14 B,79 B,79 B,8.85,15.01%,3.14%
ZYRX,Net Income,31 Dec 2025,Q4,2022,Q4,56 B,79 B,79 B,8.85,15.01%,3.14%
ZYRX,Net Income,31 Dec 2025,Q4,2021,Q1,4 B,70 B,70 B,7.85,15.01%,1.67%
ZYRX,Net Income,31 Dec 2025,Q4,2021,Q2,(167 M),70 B,70 B,7.85,15.01%,1.67%
ZYRX,Net Income,31 Dec 2025,Q4,2021,Q3,40 B,70 B,70 B,7.85,15.01%,1.67%
ZYRX,Net Income,31 Dec 2025,Q4,2021,Q4,26 B,70 B,70 B,7.85,15.01%,1.67%
ZYRX,Net Income,31 Dec 2025,Q4,2020,Q1,28 B,36 B,36 B,-,-,-
ZYRX,Net Income,31 Dec 2025,Q4,2020,Q2,7 B,36 B,36 B,-,-,-
ZYRX,Net Income,31 Dec 2025,Q4,2020,Q3,(3 B),36 B,36 B,-,-,-
ZYRX,Net Income,31 Dec 2025,Q4,2020,Q4,4 B,36 B,36 B,-,-,-
ZYRX,Net Income,31 Dec 2025,Q4,2019,Q1,-,8 B,-,-,-,-
ZYRX,Net Income,31 Dec 2025,Q4,2019,Q2,-,8 B,-,-,-,-
ZYRX,Net Income,31 Dec 2025,Q4,2019,Q3,(5 B),8 B,-,-,-,-
ZYRX,Net Income,31 Dec 2025,Q4,2019,Q4,13 B,8 B,-,-,-,-
ZYRX,Net Income,31 Dec 2025,Q4,2018,Q1,-,(5 B),-,-,-,-
ZYRX,Net Income,31 Dec 2025,Q4,2018,Q2,-,(5 B),-,-,-,-
ZYRX,Net Income,31 Dec 2025,Q4,2018,Q3,-,(5 B),-,-,-,-
ZYRX,Net Income,31 Dec 2025,Q4,2018,Q4,(5 B),(5 B),-,-,-,-
ZYRX,Net Income,31 Dec 2025,Q4,2017,Q1,-,(6 B),-,-,-,-
ZYRX,Net Income,31 Dec 2025,Q4,2017,Q2,-,(6 B),-,-,-,-
ZYRX,Net Income,31 Dec 2025,Q4,2017,Q3,-,(6 B),-,-,-,-
ZYRX,Net Income,31 Dec 2025,Q4,2017,Q4,(6 B),(6 B),-,-,-,-
ZYRX,EPS,31 Dec 2025,Q4,2025,Q1,-1.36,32.67,32.67,1.71,5.23%,1.19%
ZYRX,EPS,31 Dec 2025,Q4,2025,Q2,1.66,32.67,32.67,1.71,5.23%,1.19%
ZYRX,EPS,31 Dec 2025,Q4,2025,Q3,0.22,32.67,32.67,1.71,5.23%,1.19%
ZYRX,EPS,31 Dec 2025,Q4,2025,Q4,32.15,32.67,32.67,1.71,5.23%,1.19%
ZYRX,EPS,31 Dec 2025,Q4,2024,Q1,-2.97,11.38,11.38,1.71,15.03%,1.17%
ZYRX,EPS,31 Dec 2025,Q4,2024,Q2,3.97,11.38,11.38,1.71,15.03%,1.17%
ZYRX,EPS,31 Dec 2025,Q4,2024,Q3,-0.89,11.38,11.38,1.71,15.03%,1.17%
ZYRX,EPS,31 Dec 2025,Q4,2024,Q4,11.28,11.38,11.38,1.71,15.03%,1.17%
ZYRX,EPS,31 Dec 2025,Q4,2023,Q1,1.29,24.71,24.71,3.70,14.97%,2.59%
ZYRX,EPS,31 Dec 2025,Q4,2023,Q2,1.74,24.71,24.71,3.70,14.97%,2.59%
ZYRX,EPS,31 Dec 2025,Q4,2023,Q3,19.38,24.71,24.71,3.70,14.97%,2.59%
ZYRX,EPS,31 Dec 2025,Q4,2023,Q4,2.30,24.71,24.71,3.70,14.97%,2.59%
ZYRX,EPS,31 Dec 2025,Q4,2022,Q1,2.53,58.97,58.97,8.85,15.01%,3.14%
ZYRX,EPS,31 Dec 2025,Q4,2022,Q2,3.55,58.97,58.97,8.85,15.01%,3.14%
ZYRX,EPS,31 Dec 2025,Q4,2022,Q3,10.77,58.97,58.97,8.85,15.01%,3.14%
ZYRX,EPS,31 Dec 2025,Q4,2022,Q4,42.11,58.97,58.97,8.85,15.01%,3.14%
ZYRX,EPS,31 Dec 2025,Q4,2021,Q1,2.72,52.31,52.31,7.85,15.01%,1.67%
ZYRX,EPS,31 Dec 2025,Q4,2021,Q2,-0.12,52.31,52.31,7.85,15.01%,1.67%
ZYRX,EPS,31 Dec 2025,Q4,2021,Q3,29.94,52.31,52.31,7.85,15.01%,1.67%
ZYRX,EPS,31 Dec 2025,Q4,2021,Q4,19.78,52.31,52.31,7.85,15.01%,1.67%
ZYRX,EPS,31 Dec 2025,Q4,2020,Q1,20.95,27.28,27.28,-,-,-
ZYRX,EPS,31 Dec 2025,Q4,2020,Q2,5.52,27.28,27.28,-,-,-
ZYRX,EPS,31 Dec 2025,Q4,2020,Q3,-2.27,27.28,27.28,-,-,-
ZYRX,EPS,31 Dec 2025,Q4,2020,Q4,3.08,27.28,27.28,-,-,-
ZYRX,EPS,31 Dec 2025,Q4,2019,Q1,-,6.18,-,-,-,-
ZYRX,EPS,31 Dec 2025,Q4,2019,Q2,-,6.18,-,-,-,-
ZYRX,EPS,31 Dec 2025,Q4,2019,Q3,-3.52,6.18,-,-,-,-
ZYRX,EPS,31 Dec 2025,Q4,2019,Q4,9.70,6.18,-,-,-,-
ZYRX,EPS,31 Dec 2025,Q4,2018,Q1,-,-3.57,-,-,-,-
ZYRX,EPS,31 Dec 2025,Q4,2018,Q2,-,-3.57,-,-,-,-
ZYRX,EPS,31 Dec 2025,Q4,2018,Q3,-,-3.57,-,-,-,-
ZYRX,EPS,31 Dec 2025,Q4,2018,Q4,-3.57,-3.57,-,-,-,-
ZYRX,EPS,31 Dec 2025,Q4,2017,Q1,-,-4.87,-,-,-,-
ZYRX,EPS,31 Dec 2025,Q4,2017,Q2,-,-4.87,-,-,-,-
ZYRX,EPS,31 Dec 2025,Q4,2017,Q3,-,-4.87,-,-,-,-
ZYRX,EPS,31 Dec 2025,Q4,2017,Q4,-4.87,-4.87,-,-,-,-
ZYRX,Revenue,31 Dec 2025,Q4,2025,Q1,43 B,"1,176 B","1,176 B",1.71,5.23%,1.19%
ZYRX,Revenue,31 Dec 2025,Q4,2025,Q2,71 B,"1,176 B","1,176 B",1.71,5.23%,1.19%
ZYRX,Revenue,31 Dec 2025,Q4,2025,Q3,118 B,"1,176 B","1,176 B",1.71,5.23%,1.19%
ZYRX,Revenue,31 Dec 2025,Q4,2025,Q4,943 B,"1,176 B","1,176 B",1.71,5.23%,1.19%
ZYRX,Revenue,31 Dec 2025,Q4,2024,Q1,34 B,364 B,364 B,1.71,15.03%,1.17%
ZYRX,Revenue,31 Dec 2025,Q4,2024,Q2,90 B,364 B,364 B,1.71,15.03%,1.17%
ZYRX,Revenue,31 Dec 2025,Q4,2024,Q3,84 B,364 B,364 B,1.71,15.03%,1.17%
ZYRX,Revenue,31 Dec 2025,Q4,2024,Q4,156 B,364 B,364 B,1.71,15.03%,1.17%
ZYRX,Revenue,31 Dec 2025,Q4,2023,Q1,59 B,290 B,290 B,3.70,14.97%,2.59%
ZYRX,Revenue,31 Dec 2025,Q4,2023,Q2,95 B,290 B,290 B,3.70,14.97%,2.59%
ZYRX,Revenue,31 Dec 2025,Q4,2023,Q3,77 B,290 B,290 B,3.70,14.97%,2.59%
ZYRX,Revenue,31 Dec 2025,Q4,2023,Q4,59 B,290 B,290 B,3.70,14.97%,2.59%
ZYRX,Revenue,31 Dec 2025,Q4,2022,Q1,55 B,770 B,770 B,8.85,15.01%,3.14%
ZYRX,Revenue,31 Dec 2025,Q4,2022,Q2,53 B,770 B,770 B,8.85,15.01%,3.14%
ZYRX,Revenue,31 Dec 2025,Q4,2022,Q3,80 B,770 B,770 B,8.85,15.01%,3.14%
ZYRX,Revenue,31 Dec 2025,Q4,2022,Q4,582 B,770 B,770 B,8.85,15.01%,3.14%
ZYRX,Revenue,31 Dec 2025,Q4,2021,Q1,53 B,651 B,651 B,7.85,15.01%,1.67%
ZYRX,Revenue,31 Dec 2025,Q4,2021,Q2,30 B,651 B,651 B,7.85,15.01%,1.67%
ZYRX,Revenue,31 Dec 2025,Q4,2021,Q3,333 B,651 B,651 B,7.85,15.01%,1.67%
ZYRX,Revenue,31 Dec 2025,Q4,2021,Q4,235 B,651 B,651 B,7.85,15.01%,1.67%
ZYRX,Revenue,31 Dec 2025,Q4,2020,Q1,106 B,223 B,223 B,-,-,-
ZYRX,Revenue,31 Dec 2025,Q4,2020,Q2,57 B,223 B,223 B,-,-,-
ZYRX,Revenue,31 Dec 2025,Q4,2020,Q3,17 B,223 B,223 B,-,-,-
ZYRX,Revenue,31 Dec 2025,Q4,2020,Q4,44 B,223 B,223 B,-,-,-
ZYRX,Revenue,31 Dec 2025,Q4,2019,Q1,-,129 B,-,-,-,-
ZYRX,Revenue,31 Dec 2025,Q4,2019,Q2,-,129 B,-,-,-,-
ZYRX,Revenue,31 Dec 2025,Q4,2019,Q3,58 B,129 B,-,-,-,-
ZYRX,Revenue,31 Dec 2025,Q4,2019,Q4,71 B,129 B,-,-,-,-
ZYRX,Revenue,31 Dec 2025,Q4,2018,Q1,-,74 B,-,-,-,-
ZYRX,Revenue,31 Dec 2025,Q4,2018,Q2,-,74 B,-,-,-,-
ZYRX,Revenue,31 Dec 2025,Q4,2018,Q3,-,74 B,-,-,-,-
ZYRX,Revenue,31 Dec 2025,Q4,2018,Q4,74 B,74 B,-,-,-,-
ZYRX,Revenue,31 Dec 2025,Q4,2017,Q1,-,61 B,-,-,-,-
ZYRX,Revenue,31 Dec 2025,Q4,2017,Q2,-,61 B,-,-,-,-
ZYRX,Revenue,31 Dec 2025,Q4,2017,Q3,-,61 B,-,-,-,-
ZYRX,Revenue,31 Dec 2025,Q4,2017,Q4,61 B,61 B,-,-,-,-
ZYRX,Net Income (USD),31 Dec 2025,Q4,2025,Q1,(110.52 K),2.64 M,2.64 M,0.00011,5.23%,1.19%
ZYRX,Net Income (USD),31 Dec 2025,Q4,2025,Q2,134.04 K,2.64 M,2.64 M,0.00011,5.23%,1.19%
ZYRX,Net Income (USD),31 Dec 2025,Q4,2025,Q3,17.56 K,2.64 M,2.64 M,0.00011,5.23%,1.19%
ZYRX,Net Income (USD),31 Dec 2025,Q4,2025,Q4,2.57 M,2.64 M,2.64 M,0.00011,5.23%,1.19%
ZYRX,Net Income (USD),31 Dec 2025,Q4,2024,Q1,(253.03 K),957.22 K,957.22 K,0.00011,15.03%,1.17%
ZYRX,Net Income (USD),31 Dec 2025,Q4,2024,Q2,326.93 K,957.22 K,957.22 K,0.00011,15.03%,1.17%
ZYRX,Net Income (USD),31 Dec 2025,Q4,2024,Q3,(75.30 K),957.22 K,957.22 K,0.00011,15.03%,1.17%
ZYRX,Net Income (USD),31 Dec 2025,Q4,2024,Q4,951.74 K,957.22 K,957.22 K,0.00011,15.03%,1.17%
ZYRX,Net Income (USD),31 Dec 2025,Q4,2023,Q1,112.92 K,2.16 M,2.16 M,-,14.97%,2.59%
ZYRX,Net Income (USD),31 Dec 2025,Q4,2023,Q2,156.34 K,2.16 M,2.16 M,-,14.97%,2.59%
ZYRX,Net Income (USD),31 Dec 2025,Q4,2023,Q3,1.70 M,2.16 M,2.16 M,-,14.97%,2.59%
ZYRX,Net Income (USD),31 Dec 2025,Q4,2023,Q4,196.47 K,2.16 M,2.16 M,-,14.97%,2.59%
ZYRX,Net Income (USD),31 Dec 2025,Q4,2022,Q1,235.18 K,5.29 M,5.29 M,-,15.01%,3.14%
ZYRX,Net Income (USD),31 Dec 2025,Q4,2022,Q2,325.40 K,5.29 M,5.29 M,-,15.01%,3.14%
ZYRX,Net Income (USD),31 Dec 2025,Q4,2022,Q3,961.42 K,5.29 M,5.29 M,-,15.01%,3.14%
ZYRX,Net Income (USD),31 Dec 2025,Q4,2022,Q4,3.61 M,5.29 M,5.29 M,-,15.01%,3.14%
ZYRX,Net Income (USD),31 Dec 2025,Q4,2021,Q1,255.70 K,4.87 M,4.87 M,-,15.01%,1.67%
ZYRX,Net Income (USD),31 Dec 2025,Q4,2021,Q2,(11.56 K),4.87 M,4.87 M,-,15.01%,1.67%
ZYRX,Net Income (USD),31 Dec 2025,Q4,2021,Q3,2.78 M,4.87 M,4.87 M,-,15.01%,1.67%
ZYRX,Net Income (USD),31 Dec 2025,Q4,2021,Q4,1.85 M,4.87 M,4.87 M,-,15.01%,1.67%
ZYRX,Net Income (USD),31 Dec 2025,Q4,2020,Q1,1.96 M,2.50 M,2.50 M,-,-,-
ZYRX,Net Income (USD),31 Dec 2025,Q4,2020,Q2,490.48 K,2.50 M,2.50 M,-,-,-
ZYRX,Net Income (USD),31 Dec 2025,Q4,2020,Q3,(205.23 K),2.50 M,2.50 M,-,-,-
ZYRX,Net Income (USD),31 Dec 2025,Q4,2020,Q4,285.95 K,2.50 M,2.50 M,-,-,-
ZYRX,Net Income (USD),31 Dec 2025,Q4,2019,Q1,-,582.36 K,-,-,-,-
ZYRX,Net Income (USD),31 Dec 2025,Q4,2019,Q2,-,582.36 K,-,-,-,-
ZYRX,Net Income (USD),31 Dec 2025,Q4,2019,Q3,(332.59 K),582.36 K,-,-,-,-
ZYRX,Net Income (USD),31 Dec 2025,Q4,2019,Q4,919.54 K,582.36 K,-,-,-,-
ZYRX,Net Income (USD),31 Dec 2025,Q4,2018,Q1,-,(334.34 K),-,-,-,-
ZYRX,Net Income (USD),31 Dec 2025,Q4,2018,Q2,-,(334.34 K),-,-,-,-
ZYRX,Net Income (USD),31 Dec 2025,Q4,2018,Q3,-,(334.34 K),-,-,-,-
ZYRX,Net Income (USD),31 Dec 2025,Q4,2018,Q4,(321.64 K),(334.34 K),-,-,-,-
ZYRX,Net Income (USD),31 Dec 2025,Q4,2017,Q1,-,(485.14 K),-,-,-,-
ZYRX,Net Income (USD),31 Dec 2025,Q4,2017,Q2,-,(485.14 K),-,-,-,-
ZYRX,Net Income (USD),31 Dec 2025,Q4,2017,Q3,-,(485.14 K),-,-,-,-
ZYRX,Net Income (USD),31 Dec 2025,Q4,2017,Q4,(479.71 K),(485.14 K),-,-,-,-
ZYRX,EPS (USD),31 Dec 2025,Q4,2025,Q1,-0.00008,0.00198,0.00198,0.00011,5.23%,1.19%
ZYRX,EPS (USD),31 Dec 2025,Q4,2025,Q2,0.00010,0.00198,0.00198,0.00011,5.23%,1.19%
ZYRX,EPS (USD),31 Dec 2025,Q4,2025,Q3,0.00001,0.00198,0.00198,0.00011,5.23%,1.19%
ZYRX,EPS (USD),31 Dec 2025,Q4,2025,Q4,0.00193,0.00198,0.00198,0.00011,5.23%,1.19%
ZYRX,EPS (USD),31 Dec 2025,Q4,2024,Q1,-0.00019,0.00072,0.00072,0.00011,15.03%,1.17%
ZYRX,EPS (USD),31 Dec 2025,Q4,2024,Q2,0.00024,0.00072,0.00072,0.00011,15.03%,1.17%
ZYRX,EPS (USD),31 Dec 2025,Q4,2024,Q3,-0.00006,0.00072,0.00072,0.00011,15.03%,1.17%
ZYRX,EPS (USD),31 Dec 2025,Q4,2024,Q4,0.00071,0.00072,0.00072,0.00011,15.03%,1.17%
ZYRX,EPS (USD),31 Dec 2025,Q4,2023,Q1,0.00009,0.00162,0.00162,-,14.97%,2.59%
ZYRX,EPS (USD),31 Dec 2025,Q4,2023,Q2,0.00012,0.00162,0.00162,-,14.97%,2.59%
ZYRX,EPS (USD),31 Dec 2025,Q4,2023,Q3,0.00127,0.00162,0.00162,-,14.97%,2.59%
ZYRX,EPS (USD),31 Dec 2025,Q4,2023,Q4,0.00015,0.00162,0.00162,-,14.97%,2.59%
ZYRX,EPS (USD),31 Dec 2025,Q4,2022,Q1,0.00018,0.00396,0.00396,-,15.01%,3.14%
ZYRX,EPS (USD),31 Dec 2025,Q4,2022,Q2,0.00024,0.00396,0.00396,-,15.01%,3.14%
ZYRX,EPS (USD),31 Dec 2025,Q4,2022,Q3,0.00072,0.00396,0.00396,-,15.01%,3.14%
ZYRX,EPS (USD),31 Dec 2025,Q4,2022,Q4,0.00270,0.00396,0.00396,-,15.01%,3.14%
ZYRX,EPS (USD),31 Dec 2025,Q4,2021,Q1,0.00019,0.00365,0.00365,-,15.01%,1.67%
ZYRX,EPS (USD),31 Dec 2025,Q4,2021,Q2,-0.00001,0.00365,0.00365,-,15.01%,1.67%
ZYRX,EPS (USD),31 Dec 2025,Q4,2021,Q3,0.00208,0.00365,0.00365,-,15.01%,1.67%
ZYRX,EPS (USD),31 Dec 2025,Q4,2021,Q4,0.00139,0.00365,0.00365,-,15.01%,1.67%
ZYRX,EPS (USD),31 Dec 2025,Q4,2020,Q1,0.00147,0.00187,0.00187,-,-,-
ZYRX,EPS (USD),31 Dec 2025,Q4,2020,Q2,0.00037,0.00187,0.00187,-,-,-
ZYRX,EPS (USD),31 Dec 2025,Q4,2020,Q3,-0.00015,0.00187,0.00187,-,-,-
ZYRX,EPS (USD),31 Dec 2025,Q4,2020,Q4,0.00021,0.00187,0.00187,-,-,-
ZYRX,EPS (USD),31 Dec 2025,Q4,2019,Q1,-,0.00044,-,-,-,-
ZYRX,EPS (USD),31 Dec 2025,Q4,2019,Q2,-,0.00044,-,-,-,-
ZYRX,EPS (USD),31 Dec 2025,Q4,2019,Q3,-0.00025,0.00044,-,-,-,-
ZYRX,EPS (USD),31 Dec 2025,Q4,2019,Q4,0.00069,0.00044,-,-,-,-
ZYRX,EPS (USD),31 Dec 2025,Q4,2018,Q1,-,-0.00025,-,-,-,-
ZYRX,EPS (USD),31 Dec 2025,Q4,2018,Q2,-,-0.00025,-,-,-,-
ZYRX,EPS (USD),31 Dec 2025,Q4,2018,Q3,-,-0.00025,-,-,-,-
ZYRX,EPS (USD),31 Dec 2025,Q4,2018,Q4,-0.00024,-0.00025,-,-,-,-
ZYRX,EPS (USD),31 Dec 2025,Q4,2017,Q1,-,-0.00036,-,-,-,-
ZYRX,EPS (USD),31 Dec 2025,Q4,2017,Q2,-,-0.00036,-,-,-,-
ZYRX,EPS (USD),31 Dec 2025,Q4,2017,Q3,-,-0.00036,-,-,-,-
ZYRX,EPS (USD),31 Dec 2025,Q4,2017,Q4,-0.00036,-0.00036,-,-,-,-
ZYRX,Revenue (USD),31 Dec 2025,Q4,2025,Q1,2.65 M,71.37 M,71.37 M,0.00011,5.23%,1.19%
ZYRX,Revenue (USD),31 Dec 2025,Q4,2025,Q2,4.33 M,71.37 M,71.37 M,0.00011,5.23%,1.19%
ZYRX,Revenue (USD),31 Dec 2025,Q4,2025,Q3,7.21 M,71.37 M,71.37 M,0.00011,5.23%,1.19%
ZYRX,Revenue (USD),31 Dec 2025,Q4,2025,Q4,56.59 M,71.37 M,71.37 M,0.00011,5.23%,1.19%
ZYRX,Revenue (USD),31 Dec 2025,Q4,2024,Q1,2.19 M,22.98 M,22.98 M,0.00011,15.03%,1.17%
ZYRX,Revenue (USD),31 Dec 2025,Q4,2024,Q2,5.58 M,22.98 M,22.98 M,0.00011,15.03%,1.17%
ZYRX,Revenue (USD),31 Dec 2025,Q4,2024,Q3,5.29 M,22.98 M,22.98 M,0.00011,15.03%,1.17%
ZYRX,Revenue (USD),31 Dec 2025,Q4,2024,Q4,9.88 M,22.98 M,22.98 M,0.00011,15.03%,1.17%
ZYRX,Revenue (USD),31 Dec 2025,Q4,2023,Q1,3.87 M,18.99 M,18.99 M,-,14.97%,2.59%
ZYRX,Revenue (USD),31 Dec 2025,Q4,2023,Q2,6.41 M,18.99 M,18.99 M,-,14.97%,2.59%
ZYRX,Revenue (USD),31 Dec 2025,Q4,2023,Q3,5.03 M,18.99 M,18.99 M,-,14.97%,2.59%
ZYRX,Revenue (USD),31 Dec 2025,Q4,2023,Q4,3.77 M,18.99 M,18.99 M,-,14.97%,2.59%
ZYRX,Revenue (USD),31 Dec 2025,Q4,2022,Q1,3.85 M,51.79 M,51.79 M,-,15.01%,3.14%
ZYRX,Revenue (USD),31 Dec 2025,Q4,2022,Q2,3.61 M,51.79 M,51.79 M,-,15.01%,3.14%
ZYRX,Revenue (USD),31 Dec 2025,Q4,2022,Q3,5.38 M,51.79 M,51.79 M,-,15.01%,3.14%
ZYRX,Revenue (USD),31 Dec 2025,Q4,2022,Q4,37.38 M,51.79 M,51.79 M,-,15.01%,3.14%
ZYRX,Revenue (USD),31 Dec 2025,Q4,2021,Q1,3.70 M,45.48 M,45.48 M,-,15.01%,1.67%
ZYRX,Revenue (USD),31 Dec 2025,Q4,2021,Q2,2.09 M,45.48 M,45.48 M,-,15.01%,1.67%
ZYRX,Revenue (USD),31 Dec 2025,Q4,2021,Q3,23.14 M,45.48 M,45.48 M,-,15.01%,1.67%
ZYRX,Revenue (USD),31 Dec 2025,Q4,2021,Q4,16.50 M,45.48 M,45.48 M,-,15.01%,1.67%
ZYRX,Revenue (USD),31 Dec 2025,Q4,2020,Q1,7.43 M,15.33 M,15.33 M,-,-,-
ZYRX,Revenue (USD),31 Dec 2025,Q4,2020,Q2,3.79 M,15.33 M,15.33 M,-,-,-
ZYRX,Revenue (USD),31 Dec 2025,Q4,2020,Q3,1.15 M,15.33 M,15.33 M,-,-,-
ZYRX,Revenue (USD),31 Dec 2025,Q4,2020,Q4,3.05 M,15.33 M,15.33 M,-,-,-
ZYRX,Revenue (USD),31 Dec 2025,Q4,2019,Q1,-,9.09 M,-,-,-,-
ZYRX,Revenue (USD),31 Dec 2025,Q4,2019,Q2,-,9.09 M,-,-,-,-
ZYRX,Revenue (USD),31 Dec 2025,Q4,2019,Q3,4.08 M,9.09 M,-,-,-,-
ZYRX,Revenue (USD),31 Dec 2025,Q4,2019,Q4,5.05 M,9.09 M,-,-,-,-
ZYRX,Revenue (USD),31 Dec 2025,Q4,2018,Q1,-,5.17 M,-,-,-,-
ZYRX,Revenue (USD),31 Dec 2025,Q4,2018,Q2,-,5.17 M,-,-,-,-
ZYRX,Revenue (USD),31 Dec 2025,Q4,2018,Q3,-,5.17 M,-,-,-,-
ZYRX,Revenue (USD),31 Dec 2025,Q4,2018,Q4,4.97 M,5.17 M,-,-,-,-
ZYRX,Revenue (USD),31 Dec 2025,Q4,2017,Q1,-,4.57 M,-,-,-,-
ZYRX,Revenue (USD),31 Dec 2025,Q4,2017,Q2,-,4.57 M,-,-,-,-
ZYRX,Revenue (USD),31 Dec 2025,Q4,2017,Q3,-,4.57 M,-,-,-,-
ZYRX,Revenue (USD),31 Dec 2025,Q4,2017,Q4,4.52 M,4.57 M,-,-,-,-
